stress_case,seed,method,solver_method,tower_count,stop_count,vehicle_count,uav_count,battery_capacity,reserve_ratio,quantile_z,wind_speed,temperature,objective_value,makespan,total_vehicle_distance,expected_energy,energy_violation_rate,infeasible_sortie_rate,risk_weighted_completion_time,top_risk_coverage,feasible_top_risk_coverage,sortie_count,avg_towers_per_sortie,missed_value,solver_runtime,alns_accepted_moves,alns_improving_moves,alns_rejected_moves,alns_best_updates
sparse_high_wind,0,alns_pinn_full,alns_full,75,18,3,6,125.0,0.2,1.96,12.0,34.0,21902.258169658773,601.950165,546.388211,15777.683975,0.533333,0.533333,170.621111,1.0,0.444444,75,1.0,3188.4179,0.209724,109.0,18.0,31.0,18.0
sparse_high_wind,0,no_energy_repair,alns_full_no_energy_repair,75,18,3,6,125.0,0.2,1.96,12.0,34.0,18305.790006658783,599.051775,509.595479,15777.683975,0.533333,0.533333,173.429502,0.611111,0.444444,75,1.0,3188.4179,0.130584,121.0,15.0,19.0,15.0
sparse_high_wind,0,no_sync_repair,alns_full_no_sync_repair,75,18,3,6,125.0,0.2,1.96,12.0,34.0,18305.790006658783,599.051775,509.595479,15777.683975,0.533333,0.533333,173.429502,0.611111,0.444444,75,1.0,3188.4179,0.14394,121.0,15.0,19.0,15.0
sparse_high_wind,0,no_uq,alns_full_no_uq,75,18,3,6,125.0,0.2,1.96,12.0,34.0,19033.717525578777,634.155904,538.573645,15755.933543,0.76,0.76,169.539316,0.611111,0.166667,75,1.0,3067.8306,0.129315,108.0,16.0,32.0,15.0
sparse_high_wind,0,no_risk_value,alns_full_no_risk_value,75,18,3,6,125.0,0.2,1.96,12.0,34.0,16672.33861365878,549.643882,465.481434,15777.683975,0.533333,0.533333,216.636651,0.166667,0.166667,75,1.0,3188.4179,0.118186,126.0,21.0,14.0,16.0
sparse_high_wind,0,alns_fixed,alns_fixed,75,18,3,6,125.0,0.2,1.96,12.0,34.0,16492.54572681878,534.410225,465.481434,15764.719449,0.76,0.76,214.71567,0.166667,0.166667,75,1.0,3067.8306,0.104219,127.0,24.0,13.0,21.0
sparse_high_wind,1,alns_pinn_full,alns_full,75,18,3,6,125.0,0.2,1.96,12.0,34.0,23765.83231343878,622.482979,573.651445,16343.094788,0.56,0.56,171.606055,0.944444,0.555556,75,1.0,3273.8417,0.206836,105.0,16.0,35.0,16.0
sparse_high_wind,1,no_energy_repair,alns_full_no_energy_repair,75,18,3,6,125.0,0.2,1.96,12.0,34.0,19204.924906438777,608.148621,523.317108,16343.094788,0.56,0.56,171.798641,0.722222,0.555556,75,1.0,3273.8417,0.121832,120.0,14.0,20.0,14.0
sparse_high_wind,1,no_sync_repair,alns_full_no_sync_repair,75,18,3,6,125.0,0.2,1.96,12.0,34.0,19204.924906438777,608.148621,523.317108,16343.094788,0.56,0.56,171.798641,0.722222,0.555556,75,1.0,3273.8417,0.121922,120.0,14.0,20.0,14.0
sparse_high_wind,1,no_uq,alns_full_no_uq,75,18,3,6,125.0,0.2,1.96,12.0,34.0,17670.84162487878,598.093149,474.429802,16322.733024,0.76,0.76,149.296648,0.777778,0.444444,75,1.0,3063.9163,0.120673,107.0,11.0,33.0,11.0
sparse_high_wind,1,no_risk_value,alns_full_no_risk_value,75,18,3,6,125.0,0.2,1.96,12.0,34.0,17890.29459543878,551.438814,483.132783,16343.094788,0.56,0.56,219.623226,0.444444,0.444444,75,1.0,3273.8417,0.119645,118.0,20.0,22.0,14.0
sparse_high_wind,1,alns_fixed,alns_fixed,75,18,3,6,125.0,0.2,1.96,12.0,34.0,17733.516733718778,547.003421,486.993822,16363.47436,0.76,0.76,218.326835,0.444444,0.444444,75,1.0,3063.9163,0.10987,118.0,20.0,22.0,14.0
sparse_high_wind,2,alns_pinn_full,alns_full,75,18,3,6,125.0,0.2,1.96,12.0,34.0,17495.199202757634,558.738853,437.726739,15992.830724,0.56,0.56,156.9794,0.611111,0.444444,75,1.0,3112.1921,0.197683,98.0,18.0,42.0,18.0
sparse_high_wind,2,no_energy_repair,alns_full_no_energy_repair,75,18,3,6,125.0,0.2,1.96,12.0,34.0,17495.199202757634,558.738853,437.726739,15992.830724,0.56,0.56,156.9794,0.611111,0.444444,75,1.0,3112.1921,0.131843,117.0,9.0,23.0,9.0
sparse_high_wind,2,no_sync_repair,alns_full_no_sync_repair,75,18,3,6,125.0,0.2,1.96,12.0,34.0,17495.199202757634,558.738853,437.726739,15992.830724,0.56,0.56,156.9794,0.611111,0.444444,75,1.0,3112.1921,0.131758,121.0,16.0,19.0,16.0
sparse_high_wind,2,no_uq,alns_full_no_uq,75,18,3,6,125.0,0.2,1.96,12.0,34.0,17109.02598747764,547.953615,445.527841,15978.143833,0.706667,0.706667,145.779258,0.722222,0.388889,75,1.0,2851.2536,0.120282,114.0,16.0,26.0,11.0
sparse_high_wind,2,no_risk_value,alns_full_no_risk_value,75,18,3,6,125.0,0.2,1.96,12.0,34.0,16772.492526757636,528.38803,448.889338,15992.830724,0.56,0.56,222.098438,0.333333,0.333333,75,1.0,3112.1921,0.136095,132.0,13.0,8.0,9.0
sparse_high_wind,2,alns_fixed,alns_fixed,75,18,3,6,125.0,0.2,1.96,12.0,34.0,16661.185826517634,522.729348,448.889338,15986.416168,0.706667,0.706667,220.41754,0.333333,0.333333,75,1.0,2851.2536,0.110395,129.0,18.0,11.0,11.0
sparse_high_wind,3,alns_pinn_full,alns_full,75,18,3,6,125.0,0.2,1.96,12.0,34.0,26563.513042498595,685.30467,692.54418,16551.271044,0.573333,0.573333,204.127962,0.944444,0.333333,75,1.0,3556.5486,0.200884,111.0,15.0,29.0,15.0
sparse_high_wind,3,no_energy_repair,alns_full_no_energy_repair,75,18,3,6,125.0,0.2,1.96,12.0,34.0,22157.732274498605,674.039237,619.465387,16551.271044,0.573333,0.573333,211.827324,0.555556,0.333333,75,1.0,3556.5486,0.119922,126.0,14.0,14.0,14.0
sparse_high_wind,3,no_sync_repair,alns_full_no_sync_repair,75,18,3,6,125.0,0.2,1.96,12.0,34.0,22157.732274498605,674.039237,619.465387,16551.271044,0.573333,0.573333,211.827324,0.555556,0.333333,75,1.0,3556.5486,0.131616,126.0,14.0,14.0,14.0
sparse_high_wind,3,no_uq,alns_full_no_uq,75,18,3,6,125.0,0.2,1.96,12.0,34.0,20881.000990738597,647.817922,609.924993,16531.703672,0.773333,0.773333,186.228853,0.555556,0.111111,75,1.0,3241.1706,0.13957,116.0,20.0,24.0,20.0
sparse_high_wind,3,no_risk_value,alns_full_no_risk_value,75,18,3,6,125.0,0.2,1.96,12.0,34.0,17237.85370849859,543.625893,447.748851,16551.271044,0.573333,0.573333,249.755095,0.111111,0.111111,75,1.0,3556.5486,0.134678,129.0,14.0,11.0,12.0
sparse_high_wind,3,alns_fixed,alns_fixed,75,18,3,6,125.0,0.2,1.96,12.0,34.0,17004.9777592586,540.500337,447.748851,16539.78951,0.773333,0.773333,246.723079,0.111111,0.111111,75,1.0,3241.1706,0.117007,123.0,28.0,17.0,17.0
sparse_high_wind,4,alns_pinn_full,alns_full,75,18,3,6,125.0,0.2,1.96,12.0,34.0,18354.067754141688,592.553129,547.447851,16025.736139,0.56,0.56,159.799225,0.666667,0.333333,75,1.0,3527.2144,0.225893,107.0,14.0,33.0,14.0
sparse_high_wind,4,no_energy_repair,alns_full_no_energy_repair,75,18,3,6,125.0,0.2,1.96,12.0,34.0,18354.067754141688,592.553129,547.447851,16025.736139,0.56,0.56,159.799225,0.666667,0.333333,75,1.0,3527.2144,0.148207,119.0,20.0,21.0,18.0
sparse_high_wind,4,no_sync_repair,alns_full_no_sync_repair,75,18,3,6,125.0,0.2,1.96,12.0,34.0,18354.067754141688,592.553129,547.447851,16025.736139,0.56,0.56,159.799225,0.666667,0.333333,75,1.0,3527.2144,0.129247,124.0,18.0,16.0,18.0
sparse_high_wind,4,no_uq,alns_full_no_uq,75,18,3,6,125.0,0.2,1.96,12.0,34.0,19220.46143566169,609.665922,604.352871,16006.640317,0.746667,0.746667,165.438781,0.611111,0.222222,75,1.0,2995.4051,0.140994,104.0,14.0,36.0,13.0
sparse_high_wind,4,no_risk_value,alns_full_no_risk_value,75,18,3,6,125.0,0.2,1.96,12.0,34.0,16257.893667141687,532.37308,451.972493,16025.736139,0.56,0.56,202.565321,0.166667,0.166667,75,1.0,3527.2144,0.141947,127.0,20.0,13.0,19.0
sparse_high_wind,4,alns_fixed,alns_fixed,75,18,3,6,125.0,0.2,1.96,12.0,34.0,16230.577056861688,549.025372,451.972493,16017.047049,0.746667,0.746667,201.728129,0.166667,0.166667,75,1.0,2995.4051,0.117733,117.0,26.0,23.0,23.0
sparse_high_wind,5,alns_pinn_full,alns_full,75,18,3,6,125.0,0.2,1.96,12.0,34.0,21584.89498945774,638.193215,517.025487,16321.615672,0.586667,0.586667,144.628511,0.944444,0.333333,75,1.0,3336.9531,0.235138,105.0,13.0,35.0,13.0
sparse_high_wind,5,no_energy_repair,alns_full_no_energy_repair,75,18,3,6,125.0,0.2,1.96,12.0,34.0,18410.035734457742,590.901994,480.774194,16321.615672,0.586667,0.586667,154.546998,0.666667,0.388889,75,1.0,3336.9531,0.146251,122.0,11.0,18.0,9.0
sparse_high_wind,5,no_sync_repair,alns_full_no_sync_repair,75,18,3,6,125.0,0.2,1.96,12.0,34.0,18410.035734457742,590.901994,480.774194,16321.615672,0.586667,0.586667,154.546998,0.666667,0.388889,75,1.0,3336.9531,0.132881,126.0,9.0,14.0,9.0
sparse_high_wind,5,no_uq,alns_full_no_uq,75,18,3,6,125.0,0.2,1.96,12.0,34.0,17006.71489785774,573.011201,426.507845,16305.938049,0.746667,0.746667,139.794731,0.722222,0.277778,75,1.0,2975.6335,0.14426,112.0,19.0,28.0,13.0
sparse_high_wind,5,no_risk_value,alns_full_no_risk_value,75,18,3,6,125.0,0.2,1.96,12.0,34.0,16943.489687457743,544.493204,434.25516,16321.615672,0.586667,0.586667,228.196142,0.277778,0.277778,75,1.0,3336.9531,0.135824,124.0,27.0,16.0,22.0
sparse_high_wind,5,alns_fixed,alns_fixed,75,18,3,6,125.0,0.2,1.96,12.0,34.0,16813.610686857737,541.545803,434.25516,16305.938049,0.746667,0.746667,226.188896,0.277778,0.277778,75,1.0,2975.6335,0.122221,131.0,20.0,9.0,8.0
sparse_high_wind,6,alns_pinn_full,alns_full,75,18,3,6,125.0,0.2,1.96,12.0,34.0,18306.977444112035,605.401125,510.684526,15987.993411,0.546667,0.546667,156.746413,0.555556,0.388889,75,1.0,3196.8348,0.235149,111.0,14.0,29.0,14.0
sparse_high_wind,6,no_energy_repair,alns_full_no_energy_repair,75,18,3,6,125.0,0.2,1.96,12.0,34.0,18306.977444112035,605.401125,510.684526,15987.993411,0.546667,0.546667,156.746413,0.555556,0.388889,75,1.0,3196.8348,0.146793,123.0,20.0,17.0,20.0
sparse_high_wind,6,no_sync_repair,alns_full_no_sync_repair,75,18,3,6,125.0,0.2,1.96,12.0,34.0,18306.977444112035,605.401125,510.684526,15987.993411,0.546667,0.546667,156.746413,0.555556,0.388889,75,1.0,3196.8348,0.148621,123.0,20.0,17.0,20.0
sparse_high_wind,6,no_uq,alns_full_no_uq,75,18,3,6,125.0,0.2,1.96,12.0,34.0,20096.348557272042,654.519549,607.501519,15967.218914,0.76,0.76,168.090929,0.611111,0.222222,75,1.0,3095.0389,0.142947,112.0,29.0,28.0,13.0
sparse_high_wind,6,no_risk_value,alns_full_no_risk_value,75,18,3,6,125.0,0.2,1.96,12.0,34.0,16686.67674211204,569.363249,479.724417,15987.993411,0.546667,0.546667,211.339995,0.222222,0.222222,75,1.0,3196.8348,0.139896,126.0,19.0,14.0,15.0
sparse_high_wind,6,alns_fixed,alns_fixed,75,18,3,6,125.0,0.2,1.96,12.0,34.0,16529.63923459204,563.228341,476.126924,15988.385786,0.76,0.76,209.264983,0.222222,0.222222,75,1.0,3095.0389,0.112762,126.0,19.0,14.0,15.0
sparse_high_wind,7,alns_pinn_full,alns_full,75,18,3,6,125.0,0.2,1.96,12.0,34.0,22443.33067082196,601.489907,536.041552,15920.975696,0.533333,0.533333,154.762335,0.944444,0.277778,75,1.0,3426.0351,0.192475,115.0,16.0,25.0,16.0
sparse_high_wind,7,no_energy_repair,alns_full_no_energy_repair,75,18,3,6,125.0,0.2,1.96,12.0,34.0,19756.998878821963,635.443523,593.515414,15920.975696,0.533333,0.533333,181.307175,0.5,0.277778,75,1.0,3426.0351,0.099536,123.0,15.0,17.0,15.0
sparse_high_wind,7,no_sync_repair,alns_full_no_sync_repair,75,18,3,6,125.0,0.2,1.96,12.0,34.0,19756.998878821963,635.443523,593.515414,15920.975696,0.533333,0.533333,181.307175,0.5,0.277778,75,1.0,3426.0351,0.129085,123.0,15.0,17.0,15.0
sparse_high_wind,7,no_uq,alns_full_no_uq,75,18,3,6,125.0,0.2,1.96,12.0,34.0,19389.26266830196,605.59798,528.73868,15903.911758,0.706667,0.706667,162.38251,0.5,0.222222,75,1.0,3213.5352,0.12402,114.0,15.0,26.0,11.0
sparse_high_wind,7,no_risk_value,alns_full_no_risk_value,75,18,3,6,125.0,0.2,1.96,12.0,34.0,16011.575558821964,534.679848,416.08845,15920.975696,0.533333,0.533333,226.552582,0.111111,0.111111,75,1.0,3426.0351,0.125015,128.0,15.0,12.0,13.0
sparse_high_wind,7,alns_fixed,alns_fixed,75,18,3,6,125.0,0.2,1.96,12.0,34.0,15500.235541621965,526.091733,386.406696,15917.791766,0.706667,0.706667,220.245044,0.111111,0.111111,75,1.0,3213.5352,0.091989,128.0,15.0,12.0,13.0
sparse_high_wind,8,alns_pinn_full,alns_full,75,18,3,6,125.0,0.2,1.96,12.0,34.0,22332.60073787992,629.50464,523.090971,15858.846419,0.546667,0.546667,132.483348,0.888889,0.444444,75,1.0,2835.3611,0.19355,105.0,15.0,35.0,13.0
sparse_high_wind,8,no_energy_repair,alns_full_no_energy_repair,75,18,3,6,125.0,0.2,1.96,12.0,34.0,18175.857903879918,569.60907,523.464839,15858.846419,0.546667,0.546667,147.063359,0.611111,0.5,75,1.0,2835.3611,0.12294,124.0,22.0,16.0,21.0
sparse_high_wind,8,no_sync_repair,alns_full_no_sync_repair,75,18,3,6,125.0,0.2,1.96,12.0,34.0,18175.857903879918,569.60907,523.464839,15858.846419,0.546667,0.546667,147.063359,0.611111,0.5,75,1.0,2835.3611,0.133847,123.0,11.0,17.0,11.0
sparse_high_wind,8,no_uq,alns_full_no_uq,75,18,3,6,125.0,0.2,1.96,12.0,34.0,19046.845001319918,620.115091,571.837531,15842.690186,0.706667,0.706667,139.80047,0.666667,0.333333,75,1.0,2556.3669,0.146509,108.0,18.0,32.0,14.0
sparse_high_wind,8,no_risk_value,alns_full_no_risk_value,75,18,3,6,125.0,0.2,1.96,12.0,34.0,15995.353793879913,517.970162,427.089148,15858.846419,0.546667,0.546667,193.927656,0.333333,0.333333,75,1.0,2835.3611,0.131969,130.0,22.0,10.0,18.0
sparse_high_wind,8,alns_fixed,alns_fixed,75,18,3,6,125.0,0.2,1.96,12.0,34.0,15980.789112519918,507.412769,427.089148,15853.404383,0.706667,0.706667,192.608817,0.333333,0.333333,75,1.0,2556.3669,0.105276,130.0,22.0,10.0,18.0
sparse_high_wind,9,alns_pinn_full,alns_full,75,18,3,6,125.0,0.2,1.96,12.0,34.0,22684.5058765581,603.306966,592.905933,16241.493564,0.546667,0.546667,155.938104,1.0,0.388889,75,1.0,2842.8024,0.204067,110.0,13.0,30.0,13.0
sparse_high_wind,9,no_energy_repair,alns_full_no_energy_repair,75,18,3,6,125.0,0.2,1.96,12.0,34.0,19536.3616985581,609.58345,480.233219,16241.493564,0.546667,0.546667,161.384186,0.611111,0.388889,75,1.0,2842.8024,0.126727,122.0,17.0,18.0,17.0
sparse_high_wind,9,no_sync_repair,alns_full_no_sync_repair,75,18,3,6,125.0,0.2,1.96,12.0,34.0,19536.3616985581,609.58345,480.233219,16241.493564,0.546667,0.546667,161.384186,0.611111,0.388889,75,1.0,2842.8024,0.130269,122.0,17.0,18.0,17.0
sparse_high_wind,9,no_uq,alns_full_no_uq,75,18,3,6,125.0,0.2,1.96,12.0,34.0,19458.86562995811,614.823739,543.19842,16217.907681,0.786667,0.786667,157.056689,0.555556,0.333333,75,1.0,2615.6797,0.122195,114.0,31.0,26.0,15.0
sparse_high_wind,9,no_risk_value,alns_full_no_risk_value,75,18,3,6,125.0,0.2,1.96,12.0,34.0,14507.968455558099,503.286628,385.705471,16241.493564,0.546667,0.546667,175.730197,0.333333,0.333333,75,1.0,2842.8024,0.128322,127.0,18.0,13.0,12.0
sparse_high_wind,9,alns_fixed,alns_fixed,75,18,3,6,125.0,0.2,1.96,12.0,34.0,14208.913548438102,491.458478,353.975873,16264.772846,0.786667,0.786667,172.083229,0.333333,0.333333,75,1.0,2615.6797,0.106489,126.0,17.0,14.0,16.0
tight_battery,0,alns_pinn_full,alns_full,75,24,3,6,108.0,0.22,1.96,9.5,32.0,19603.231471604715,552.610469,725.556526,10620.450163,0.466667,0.466667,126.337563,0.944444,0.611111,75,1.0,2748.4295,0.254765,112.0,15.0,28.0,12.0
tight_battery,0,no_energy_repair,alns_full_no_energy_repair,75,24,3,6,108.0,0.22,1.96,9.5,32.0,17916.732974604707,552.079805,727.709182,10620.450163,0.466667,0.466667,141.315119,0.833333,0.611111,75,1.0,2748.4295,0.158354,124.0,19.0,16.0,15.0
tight_battery,0,no_sync_repair,alns_full_no_sync_repair,75,24,3,6,108.0,0.22,1.96,9.5,32.0,17916.732974604707,552.079805,727.709182,10620.450163,0.466667,0.466667,141.315119,0.833333,0.611111,75,1.0,2748.4295,0.155736,126.0,18.0,14.0,18.0
tight_battery,0,no_uq,alns_full_no_uq,75,24,3,6,108.0,0.22,1.96,9.5,32.0,18334.39428164471,534.227942,679.832235,10598.143939,0.72,0.72,142.57243,0.833333,0.333333,75,1.0,2371.4732,0.163417,108.0,22.0,32.0,12.0
tight_battery,0,no_risk_value,alns_full_no_risk_value,75,24,3,6,108.0,0.22,1.96,9.5,32.0,17054.596818084712,507.059832,652.021642,10606.04416,0.472973,0.472973,225.133453,0.277778,0.277778,74,1.013514,2748.4295,0.158263,125.0,25.0,15.0,17.0
tight_battery,0,alns_fixed,alns_fixed,75,24,3,6,108.0,0.22,1.96,9.5,32.0,16235.972077644714,488.708966,622.261869,10598.143939,0.72,0.72,213.970169,0.277778,0.277778,75,1.0,2371.4732,0.124715,123.0,25.0,17.0,20.0
tight_battery,1,alns_pinn_full,alns_full,75,24,3,6,108.0,0.22,1.96,9.5,32.0,17498.90872125795,533.187855,675.198778,10250.103544,0.426667,0.426667,150.917922,0.666667,0.388889,75,1.0,2422.7936,0.255971,98.0,18.0,42.0,17.0
tight_battery,1,no_energy_repair,alns_full_no_energy_repair,75,24,3,6,108.0,0.22,1.96,9.5,32.0,17498.90872125795,533.187855,675.198778,10250.103544,0.426667,0.426667,150.917922,0.666667,0.388889,75,1.0,2422.7936,0.195527,119.0,17.0,21.0,14.0
tight_battery,1,no_sync_repair,alns_full_no_sync_repair,75,24,3,6,108.0,0.22,1.96,9.5,32.0,17498.90872125795,533.187855,675.198778,10250.103544,0.426667,0.426667,150.917922,0.666667,0.388889,75,1.0,2422.7936,0.182488,119.0,12.0,21.0,12.0
tight_battery,1,no_uq,alns_full_no_uq,75,24,3,6,108.0,0.22,1.96,9.5,32.0,17132.258373457957,519.42029,674.251975,10221.26201,0.76,0.76,148.503448,0.722222,0.277778,75,1.0,2170.6174,0.168351,105.0,16.0,35.0,12.0
tight_battery,1,no_risk_value,alns_full_no_risk_value,75,24,3,6,108.0,0.22,1.96,9.5,32.0,17635.865789257954,511.68676,688.064295,10250.103544,0.426667,0.426667,234.99744,0.222222,0.222222,75,1.0,2422.7936,0.154508,125.0,21.0,15.0,14.0
tight_battery,1,alns_fixed,alns_fixed,75,24,3,6,108.0,0.22,1.96,9.5,32.0,17403.09681185796,501.431165,688.064295,10225.826541,0.76,0.76,231.944564,0.222222,0.222222,75,1.0,2170.6174,0.129102,125.0,21.0,15.0,15.0
tight_battery,2,alns_pinn_full,alns_full,75,24,3,6,108.0,0.22,1.96,9.5,32.0,18662.650321966572,507.46867,668.507391,10036.020598,0.426667,0.426667,118.762745,1.0,0.611111,75,1.0,2284.9221,0.252934,113.0,12.0,27.0,12.0
tight_battery,2,no_energy_repair,alns_full_no_energy_repair,75,24,3,6,108.0,0.22,1.96,9.5,32.0,16411.22577196657,512.332616,666.705033,10036.020598,0.426667,0.426667,124.852793,0.722222,0.555556,75,1.0,2284.9221,0.165014,124.0,16.0,16.0,16.0
tight_battery,2,no_sync_repair,alns_full_no_sync_repair,75,24,3,6,108.0,0.22,1.96,9.5,32.0,16411.22577196657,512.332616,666.705033,10036.020598,0.426667,0.426667,124.852793,0.722222,0.555556,75,1.0,2284.9221,0.159288,122.0,13.0,18.0,13.0
tight_battery,2,no_uq,alns_full_no_uq,75,24,3,6,108.0,0.22,1.96,9.5,32.0,16418.931615406567,500.249282,654.982989,10010.695299,0.72,0.72,124.356024,0.777778,0.333333,75,1.0,1998.7445,0.159729,110.0,15.0,30.0,10.0
tight_battery,2,no_risk_value,alns_full_no_risk_value,75,24,3,6,108.0,0.22,1.96,9.5,32.0,18072.46475896657,525.719596,725.31544,10036.020598,0.426667,0.426667,228.201381,0.277778,0.277778,75,1.0,2284.9221,0.153655,126.0,16.0,14.0,11.0
tight_battery,2,alns_fixed,alns_fixed,75,24,3,6,108.0,0.22,1.96,9.5,32.0,18218.492165086573,543.881804,780.134511,10017.731776,0.72,0.72,229.236714,0.277778,0.277778,75,1.0,2018.2694,0.120836,131.0,19.0,9.0,14.0
tight_battery,3,alns_pinn_full,alns_full,75,24,3,6,108.0,0.22,1.96,9.5,32.0,18736.5297241278,580.563601,765.876876,9957.150145,0.453333,0.453333,160.093641,0.833333,0.666667,75,1.0,2468.0595,0.265397,113.0,14.0,27.0,14.0
tight_battery,3,no_energy_repair,alns_full_no_energy_repair,75,24,3,6,108.0,0.22,1.96,9.5,32.0,18736.5297241278,580.563601,765.876876,9957.150145,0.453333,0.453333,160.093641,0.833333,0.666667,75,1.0,2468.0595,0.168521,128.0,12.0,12.0,9.0
tight_battery,3,no_sync_repair,alns_full_no_sync_repair,75,24,3,6,108.0,0.22,1.96,9.5,32.0,18736.5297241278,580.563601,765.876876,9957.150145,0.453333,0.453333,160.093641,0.833333,0.666667,75,1.0,2468.0595,0.166125,127.0,9.0,13.0,9.0
tight_battery,3,no_uq,alns_full_no_uq,75,24,3,6,108.0,0.22,1.96,9.5,32.0,17505.493482047797,514.408858,650.966383,9933.622788,0.72,0.72,152.966325,0.777778,0.444444,75,1.0,2041.772,0.159249,113.0,10.0,27.0,8.0
tight_battery,3,no_risk_value,alns_full_no_risk_value,75,24,3,6,108.0,0.22,1.96,9.5,32.0,17919.158120127795,523.441736,680.230254,9957.150145,0.453333,0.453333,215.473414,0.333333,0.333333,75,1.0,2468.0595,0.152205,128.0,18.0,12.0,8.0
tight_battery,3,alns_fixed,alns_fixed,75,24,3,6,108.0,0.22,1.96,9.5,32.0,18600.7031026078,528.985553,768.252232,9938.200723,0.72,0.72,222.278019,0.333333,0.333333,75,1.0,2041.772,0.12541,130.0,7.0,10.0,7.0
tight_battery,4,alns_pinn_full,alns_full,75,24,3,6,108.0,0.22,1.96,9.5,32.0,21271.54704005499,562.550785,721.824107,10485.779159,0.453333,0.453333,144.562466,0.944444,0.444444,75,1.0,2829.0823,0.261648,113.0,18.0,27.0,15.0
tight_battery,4,no_energy_repair,alns_full_no_energy_repair,75,24,3,6,108.0,0.22,1.96,9.5,32.0,20864.535047054986,564.005677,772.068137,10485.779159,0.453333,0.453333,166.891585,0.777778,0.388889,75,1.0,2829.0823,0.154314,122.0,17.0,18.0,14.0
tight_battery,4,no_sync_repair,alns_full_no_sync_repair,75,24,3,6,108.0,0.22,1.96,9.5,32.0,20864.535047054986,564.005677,772.068137,10485.779159,0.453333,0.453333,166.891585,0.777778,0.388889,75,1.0,2829.0823,0.145539,117.0,12.0,23.0,12.0
tight_battery,4,no_uq,alns_full_no_uq,75,24,3,6,108.0,0.22,1.96,9.5,32.0,18746.420056494975,539.449904,672.119031,10460.990186,0.733333,0.733333,146.6571,0.777778,0.277778,75,1.0,2348.7812,0.155125,108.0,19.0,32.0,15.0
tight_battery,4,no_risk_value,alns_full_no_risk_value,75,24,3,6,108.0,0.22,1.96,9.5,32.0,16132.038742054987,500.661946,618.271461,10485.779159,0.453333,0.453333,230.488089,0.222222,0.222222,75,1.0,2829.0823,0.149531,128.0,22.0,12.0,11.0
tight_battery,4,alns_fixed,alns_fixed,75,24,3,6,108.0,0.22,1.96,9.5,32.0,15949.911801494987,496.426964,618.271461,10460.990186,0.733333,0.733333,227.674809,0.222222,0.222222,75,1.0,2348.7812,0.119825,128.0,21.0,12.0,11.0
tight_battery,5,alns_pinn_full,alns_full,75,24,3,6,108.0,0.22,1.96,9.5,32.0,17624.200440946082,530.912506,631.443473,10259.117509,0.493333,0.493333,144.650946,0.833333,0.333333,75,1.0,2896.9756,0.256444,111.0,19.0,29.0,12.0
tight_battery,5,no_energy_repair,alns_full_no_energy_repair,75,24,3,6,108.0,0.22,1.96,9.5,32.0,17624.200440946082,530.912506,631.443473,10259.117509,0.493333,0.493333,144.650946,0.833333,0.333333,75,1.0,2896.9756,0.165104,124.0,24.0,16.0,16.0
tight_battery,5,no_sync_repair,alns_full_no_sync_repair,75,24,3,6,108.0,0.22,1.96,9.5,32.0,17624.200440946082,530.912506,631.443473,10259.117509,0.493333,0.493333,144.650946,0.833333,0.333333,75,1.0,2896.9756,0.174337,126.0,16.0,14.0,16.0
tight_battery,5,no_uq,alns_full_no_uq,75,24,3,6,108.0,0.22,1.96,9.5,32.0,17181.19160286608,508.985651,674.957474,10236.16177,0.76,0.76,135.334706,0.833333,0.222222,75,1.0,2016.6132,0.194353,111.0,21.0,29.0,14.0
tight_battery,5,no_risk_value,alns_full_no_risk_value,75,24,3,6,108.0,0.22,1.96,9.5,32.0,16549.855667946078,488.545141,634.410465,10259.117509,0.493333,0.493333,232.858265,0.222222,0.222222,75,1.0,2896.9756,0.245224,128.0,16.0,12.0,13.0
tight_battery,5,alns_fixed,alns_fixed,75,24,3,6,108.0,0.22,1.96,9.5,32.0,16501.12134434608,494.156837,632.646652,10238.163782,0.76,0.76,231.155078,0.222222,0.222222,75,1.0,2016.6132,0.228081,128.0,19.0,12.0,12.0
tight_battery,6,alns_pinn_full,alns_full,75,24,3,6,108.0,0.22,1.96,9.5,32.0,19461.629308170584,583.372873,813.199832,10272.570666,0.493333,0.493333,120.146932,0.944444,0.611111,75,1.0,2404.3228,0.3044,114.0,22.0,26.0,10.0
tight_battery,6,no_energy_repair,alns_full_no_energy_repair,75,24,3,6,108.0,0.22,1.96,9.5,32.0,17184.579223170585,513.27496,691.165076,10272.570666,0.493333,0.493333,129.625093,0.722222,0.555556,75,1.0,2404.3228,0.172797,125.0,26.0,15.0,11.0
tight_battery,6,no_sync_repair,alns_full_no_sync_repair,75,24,3,6,108.0,0.22,1.96,9.5,32.0,17184.579223170585,513.27496,691.165076,10272.570666,0.493333,0.493333,129.625093,0.722222,0.555556,75,1.0,2404.3228,0.191397,124.0,12.0,16.0,11.0
tight_battery,6,no_uq,alns_full_no_uq,75,24,3,6,108.0,0.22,1.96,9.5,32.0,17509.807740810586,527.985908,724.19309,10249.292609,0.76,0.76,126.459324,0.777778,0.111111,75,1.0,1810.002,0.179809,112.0,27.0,28.0,10.0
tight_battery,6,no_risk_value,alns_full_no_risk_value,75,24,3,6,108.0,0.22,1.96,9.5,32.0,17432.84710017058,521.005282,716.547639,10272.570666,0.493333,0.493333,204.521971,0.111111,0.111111,75,1.0,2404.3228,0.163977,123.0,21.0,17.0,18.0
tight_battery,6,alns_fixed,alns_fixed,75,24,3,6,108.0,0.22,1.96,9.5,32.0,16858.160680570578,531.629663,713.796215,10252.453441,0.76,0.76,198.222348,0.111111,0.111111,75,1.0,1810.002,0.130912,123.0,17.0,17.0,11.0
tight_battery,7,alns_pinn_full,alns_full,75,24,3,6,108.0,0.22,1.96,9.5,32.0,20344.33196006916,550.933965,736.59233,10165.26771,0.466667,0.466667,146.023841,1.0,0.388889,75,1.0,3083.9991,0.45762,113.0,17.0,27.0,11.0
tight_battery,7,no_energy_repair,alns_full_no_energy_repair,75,24,3,6,108.0,0.22,1.96,9.5,32.0,19427.15956606916,583.96109,834.458751,10165.26771,0.466667,0.466667,164.060079,0.777778,0.388889,75,1.0,3083.9991,0.189172,126.0,11.0,14.0,11.0
tight_battery,7,no_sync_repair,alns_full_no_sync_repair,75,24,3,6,108.0,0.22,1.96,9.5,32.0,19427.15956606916,583.96109,834.458751,10165.26771,0.466667,0.466667,164.060079,0.777778,0.388889,75,1.0,3083.9991,0.181469,126.0,11.0,14.0,11.0
tight_battery,7,no_uq,alns_full_no_uq,75,24,3,6,108.0,0.22,1.96,9.5,32.0,18652.919114189164,591.085048,806.078969,10138.181732,0.773333,0.773333,159.806539,0.666667,0.277778,75,1.0,2335.5948,0.201277,113.0,18.0,27.0,13.0
tight_battery,7,no_risk_value,alns_full_no_risk_value,75,24,3,6,108.0,0.22,1.96,9.5,32.0,16093.025596069163,477.680548,601.125134,10165.26771,0.466667,0.466667,213.843111,0.277778,0.277778,75,1.0,3083.9991,0.214312,132.0,18.0,8.0,9.0
tight_battery,7,alns_fixed,alns_fixed,75,24,3,6,108.0,0.22,1.96,9.5,32.0,15883.508379189163,472.505259,601.125134,10138.181732,0.773333,0.773333,210.702307,0.277778,0.277778,75,1.0,2335.5948,0.186391,130.0,14.0,10.0,10.0
tight_battery,8,alns_pinn_full,alns_full,75,24,3,6,108.0,0.22,1.96,9.5,32.0,22225.27377863588,584.555782,838.071503,10176.932161,0.44,0.44,165.993208,0.944444,0.5,75,1.0,2566.1914,0.316227,108.0,15.0,32.0,11.0
tight_battery,8,no_energy_repair,alns_full_no_energy_repair,75,24,3,6,108.0,0.22,1.96,9.5,32.0,20327.59557863588,591.553244,780.687377,10176.932161,0.44,0.44,172.899951,0.666667,0.388889,75,1.0,2566.1914,0.19429,121.0,23.0,19.0,18.0
tight_battery,8,no_sync_repair,alns_full_no_sync_repair,75,24,3,6,108.0,0.22,1.96,9.5,32.0,20327.59557863588,591.553244,780.687377,10176.932161,0.44,0.44,172.899951,0.666667,0.388889,75,1.0,2566.1914,0.186592,122.0,17.0,18.0,17.0
tight_battery,8,no_uq,alns_full_no_uq,75,24,3,6,108.0,0.22,1.96,9.5,32.0,19567.908177275873,550.100477,719.434308,10152.552562,0.72,0.72,164.925276,0.777778,0.277778,75,1.0,2205.9822,0.216518,107.0,17.0,33.0,8.0
tight_battery,8,no_risk_value,alns_full_no_risk_value,75,24,3,6,108.0,0.22,1.96,9.5,32.0,17973.78637663588,517.918542,698.554716,10176.932161,0.44,0.44,260.20072,0.222222,0.222222,75,1.0,2566.1914,0.272794,120.0,21.0,20.0,17.0
tight_battery,8,alns_fixed,alns_fixed,75,24,3,6,108.0,0.22,1.96,9.5,32.0,18064.720725355877,530.578811,754.162241,10163.658955,0.72,0.72,259.221696,0.222222,0.222222,75,1.0,2205.9822,0.164792,124.0,31.0,16.0,28.0
tight_battery,9,alns_pinn_full,alns_full,75,24,3,6,108.0,0.22,1.96,9.5,32.0,19126.221059403073,554.821621,735.356222,10194.097103,0.533333,0.533333,119.981146,0.944444,0.388889,75,1.0,3174.0177,0.361334,111.0,19.0,29.0,17.0
tight_battery,9,no_energy_repair,alns_full_no_energy_repair,75,24,3,6,108.0,0.22,1.96,9.5,32.0,18601.52734940307,570.554904,728.092722,10194.097103,0.533333,0.533333,135.831511,0.722222,0.277778,75,1.0,3174.0177,0.248834,123.0,12.0,17.0,10.0
tight_battery,9,no_sync_repair,alns_full_no_sync_repair,75,24,3,6,108.0,0.22,1.96,9.5,32.0,18601.52734940307,570.554904,728.092722,10194.097103,0.533333,0.533333,135.831511,0.722222,0.277778,75,1.0,3174.0177,0.189963,126.0,10.0,14.0,10.0
tight_battery,9,no_uq,alns_full_no_uq,75,24,3,6,108.0,0.22,1.96,9.5,32.0,19466.956699283073,556.29743,791.188639,10175.376237,0.746667,0.746667,143.422857,0.777778,0.277778,75,1.0,2241.4657,0.194128,116.0,30.0,24.0,13.0
tight_battery,9,no_risk_value,alns_full_no_risk_value,75,24,3,6,108.0,0.22,1.96,9.5,32.0,18683.320173403074,535.399632,759.792662,10194.097103,0.533333,0.533333,244.351843,0.277778,0.277778,75,1.0,3174.0177,0.191622,130.0,19.0,10.0,15.0
tight_battery,9,alns_fixed,alns_fixed,75,24,3,6,108.0,0.22,1.96,9.5,32.0,18557.60213964307,526.823538,759.792662,10179.109476,0.746667,0.746667,243.625923,0.277778,0.277778,75,1.0,2241.4657,0.153102,122.0,22.0,18.0,15.0
very_sparse_corridor,0,alns_pinn_full,alns_full,100,18,3,6,132.0,0.18,1.96,10.5,35.0,50241.54639478716,1053.25448,658.037636,33898.829343,0.65,0.65,257.29773,0.96,0.32,100,1.0,5160.107,0.34429,112.0,21.0,28.0,18.0
very_sparse_corridor,0,no_energy_repair,alns_full_no_energy_repair,100,18,3,6,132.0,0.18,1.96,10.5,35.0,39788.84405778718,1017.418395,559.297033,33898.829343,0.65,0.65,266.222809,0.56,0.32,100,1.0,5160.107,0.214471,121.0,21.0,19.0,18.0
very_sparse_corridor,0,no_sync_repair,alns_full_no_sync_repair,100,18,3,6,132.0,0.18,1.96,10.5,35.0,39788.84405778718,1017.418395,559.297033,33898.829343,0.65,0.65,266.222809,0.56,0.32,100,1.0,5160.107,0.221656,120.0,20.0,20.0,20.0
very_sparse_corridor,0,no_uq,alns_full_no_uq,100,18,3,6,132.0,0.18,1.96,10.5,35.0,41312.76159474717,1064.319647,626.900572,33888.732941,0.72,0.72,253.619424,0.6,0.28,100,1.0,4853.0882,0.20704,112.0,15.0,28.0,11.0
very_sparse_corridor,0,no_risk_value,alns_full_no_risk_value,100,18,3,6,132.0,0.18,1.96,10.5,35.0,34198.12555878717,945.706398,518.981728,33898.829343,0.65,0.65,343.660256,0.24,0.24,100,1.0,5160.107,0.213456,128.0,26.0,12.0,22.0
very_sparse_corridor,0,alns_fixed,alns_fixed,100,18,3,6,132.0,0.18,1.96,10.5,35.0,33454.63820262716,911.961003,432.893793,33893.775373,0.72,0.72,334.387623,0.24,0.24,100,1.0,4853.0882,0.175925,125.0,26.0,15.0,20.0
very_sparse_corridor,1,alns_pinn_full,alns_full,100,18,3,6,132.0,0.18,1.96,10.5,35.0,38238.10328648234,1002.68794,576.273898,34142.412731,0.64,0.64,235.66609,0.6,0.44,100,1.0,4472.787,0.372956,106.0,17.0,34.0,15.0
very_sparse_corridor,1,no_energy_repair,alns_full_no_energy_repair,100,18,3,6,132.0,0.18,1.96,10.5,35.0,38238.10328648234,1002.68794,576.273898,34142.412731,0.64,0.64,235.66609,0.6,0.44,100,1.0,4472.787,0.227362,123.0,19.0,17.0,17.0
very_sparse_corridor,1,no_sync_repair,alns_full_no_sync_repair,100,18,3,6,132.0,0.18,1.96,10.5,35.0,38238.10328648234,1002.68794,576.273898,34142.412731,0.64,0.64,235.66609,0.6,0.44,100,1.0,4472.787,0.235223,121.0,16.0,19.0,16.0
very_sparse_corridor,1,no_uq,alns_full_no_uq,100,18,3,6,132.0,0.18,1.96,10.5,35.0,39617.42755388236,978.504393,550.970444,34128.165383,0.74,0.74,232.422857,0.72,0.32,100,1.0,4372.6901,0.228793,106.0,10.0,34.0,10.0
very_sparse_corridor,1,no_risk_value,alns_full_no_risk_value,100,18,3,6,132.0,0.18,1.96,10.5,35.0,36438.55151548236,989.756492,579.809179,34142.412731,0.64,0.64,332.103102,0.32,0.32,100,1.0,4472.787,0.350028,129.0,27.0,11.0,21.0
very_sparse_corridor,1,alns_fixed,alns_fixed,100,18,3,6,132.0,0.18,1.96,10.5,35.0,34618.41868416236,985.612609,530.274374,34133.516904,0.74,0.74,314.844065,0.32,0.32,100,1.0,4372.6901,0.257541,123.0,20.0,17.0,18.0
very_sparse_corridor,2,alns_pinn_full,alns_full,100,18,3,6,132.0,0.18,1.96,10.5,35.0,36992.118057171356,1016.635902,521.556591,34332.597532,0.65,0.65,248.480647,0.48,0.4,100,1.0,4808.2428,0.515048,108.0,17.0,32.0,11.0
very_sparse_corridor,2,no_energy_repair,alns_full_no_energy_repair,100,18,3,6,132.0,0.18,1.96,10.5,35.0,36992.118057171356,1016.635902,521.556591,34332.597532,0.65,0.65,248.480647,0.48,0.4,100,1.0,4808.2428,0.286898,122.0,19.0,18.0,18.0
very_sparse_corridor,2,no_sync_repair,alns_full_no_sync_repair,100,18,3,6,132.0,0.18,1.96,10.5,35.0,36992.118057171356,1016.635902,521.556591,34332.597532,0.65,0.65,248.480647,0.48,0.4,100,1.0,4808.2428,0.267954,124.0,18.0,16.0,18.0
very_sparse_corridor,2,no_uq,alns_full_no_uq,100,18,3,6,132.0,0.18,1.96,10.5,35.0,43667.127104571366,1088.075166,583.222893,34317.939187,0.75,0.75,275.957083,0.6,0.36,100,1.0,4665.1263,0.280846,110.0,13.0,30.0,12.0
very_sparse_corridor,2,no_risk_value,alns_full_no_risk_value,100,18,3,6,132.0,0.18,1.96,10.5,35.0,36065.32408517136,953.333927,543.424651,34332.597532,0.65,0.65,324.550153,0.36,0.36,100,1.0,4808.2428,0.21747,125.0,19.0,15.0,12.0
very_sparse_corridor,2,alns_fixed,alns_fixed,100,18,3,6,132.0,0.18,1.96,10.5,35.0,35930.03221309136,969.921978,505.804168,34330.496816,0.75,0.75,324.355464,0.36,0.36,100,1.0,4665.1263,0.185496,125.0,19.0,15.0,12.0
very_sparse_corridor,3,alns_pinn_full,alns_full,100,18,3,6,132.0,0.18,1.96,10.5,35.0,40767.911816721586,1117.949744,632.320774,34935.859983,0.65,0.65,271.579488,0.56,0.44,100,1.0,4836.4732,0.345638,104.0,20.0,36.0,18.0
very_sparse_corridor,3,no_energy_repair,alns_full_no_energy_repair,100,18,3,6,132.0,0.18,1.96,10.5,35.0,40767.911816721586,1117.949744,632.320774,34935.859983,0.65,0.65,271.579488,0.56,0.44,100,1.0,4836.4732,0.216437,124.0,25.0,16.0,22.0
very_sparse_corridor,3,no_sync_repair,alns_full_no_sync_repair,100,18,3,6,132.0,0.18,1.96,10.5,35.0,40767.911816721586,1117.949744,632.320774,34935.859983,0.65,0.65,271.579488,0.56,0.44,100,1.0,4836.4732,0.228451,122.0,17.0,18.0,16.0
very_sparse_corridor,3,no_uq,alns_full_no_uq,100,18,3,6,132.0,0.18,1.96,10.5,35.0,43056.14829264157,1173.558839,634.552098,34931.49247,0.68,0.68,268.302863,0.64,0.4,100,1.0,4583.5578,0.24115,104.0,11.0,36.0,11.0
very_sparse_corridor,3,no_risk_value,alns_full_no_risk_value,100,18,3,6,132.0,0.18,1.96,10.5,35.0,34619.857646721575,1036.551093,526.798546,34935.859983,0.65,0.65,318.085351,0.32,0.32,100,1.0,4836.4732,0.222613,127.0,18.0,13.0,16.0
very_sparse_corridor,3,alns_fixed,alns_fixed,100,18,3,6,132.0,0.18,1.96,10.5,35.0,33689.524499441584,931.585842,450.311944,34946.521853,0.68,0.68,309.361648,0.32,0.32,100,1.0,4583.5578,0.21021,127.0,18.0,13.0,16.0
very_sparse_corridor,4,alns_pinn_full,alns_full,100,18,3,6,132.0,0.18,1.96,10.5,35.0,52595.33017227993,1053.019292,669.225725,34066.519145,0.65,0.65,258.258238,0.96,0.28,100,1.0,4963.7003,0.399894,110.0,18.0,30.0,16.0
very_sparse_corridor,4,no_energy_repair,alns_full_no_energy_repair,100,18,3,6,132.0,0.18,1.96,10.5,35.0,42330.86238027993,1077.062719,639.652834,34066.519145,0.65,0.65,268.834972,0.48,0.28,100,1.0,4963.7003,0.232812,122.0,16.0,18.0,16.0
very_sparse_corridor,4,no_sync_repair,alns_full_no_sync_repair,100,18,3,6,132.0,0.18,1.96,10.5,35.0,42330.86238027993,1077.062719,639.652834,34066.519145,0.65,0.65,268.834972,0.48,0.28,100,1.0,4963.7003,0.224701,122.0,16.0,18.0,16.0
very_sparse_corridor,4,no_uq,alns_full_no_uq,100,18,3,6,132.0,0.18,1.96,10.5,35.0,40823.33836287994,1050.396343,583.494552,34052.892147,0.75,0.75,244.465915,0.56,0.2,100,1.0,4842.4412,0.234333,108.0,10.0,32.0,10.0
very_sparse_corridor,4,no_risk_value,alns_full_no_risk_value,100,18,3,6,132.0,0.18,1.96,10.5,35.0,35135.351992279946,969.871879,512.196481,34066.519145,0.65,0.65,348.214246,0.2,0.2,100,1.0,4963.7003,0.31004,125.0,15.0,15.0,15.0
very_sparse_corridor,4,alns_fixed,alns_fixed,100,18,3,6,132.0,0.18,1.96,10.5,35.0,34928.85400755994,967.436983,512.196481,34059.895645,0.75,0.75,345.852791,0.2,0.2,100,1.0,4842.4412,0.220292,124.0,16.0,16.0,15.0
very_sparse_corridor,5,alns_pinn_full,alns_full,100,18,3,6,132.0,0.18,1.96,10.5,35.0,40345.942733487995,1040.066802,525.014254,33564.094026,0.63,0.63,269.043879,0.52,0.4,100,1.0,4691.026,0.546358,104.0,22.0,36.0,20.0
very_sparse_corridor,5,no_energy_repair,alns_full_no_energy_repair,100,18,3,6,132.0,0.18,1.96,10.5,35.0,40345.942733487995,1040.066802,525.014254,33564.094026,0.63,0.63,269.043879,0.52,0.4,100,1.0,4691.026,0.360889,125.0,22.0,15.0,17.0
very_sparse_corridor,5,no_sync_repair,alns_full_no_sync_repair,100,18,3,6,132.0,0.18,1.96,10.5,35.0,40345.942733487995,1040.066802,525.014254,33564.094026,0.63,0.63,269.043879,0.52,0.4,100,1.0,4691.026,0.24197,124.0,19.0,16.0,19.0
very_sparse_corridor,5,no_uq,alns_full_no_uq,100,18,3,6,132.0,0.18,1.96,10.5,35.0,41532.755733768,1032.39753,541.024185,33547.393077,0.74,0.74,256.19992,0.6,0.32,100,1.0,4539.3496,0.233394,110.0,28.0,30.0,19.0
very_sparse_corridor,5,no_risk_value,alns_full_no_risk_value,100,18,3,6,132.0,0.18,1.96,10.5,35.0,34775.545237488,940.574994,476.26568,33564.094026,0.63,0.63,332.210491,0.32,0.32,100,1.0,4691.026,0.245946,129.0,35.0,11.0,23.0
very_sparse_corridor,5,alns_fixed,alns_fixed,100,18,3,6,132.0,0.18,1.96,10.5,35.0,34544.96202644801,948.496869,488.083139,33558.260418,0.74,0.74,331.533074,0.32,0.32,100,1.0,4539.3496,0.223684,127.0,17.0,13.0,11.0
very_sparse_corridor,6,alns_pinn_full,alns_full,100,18,3,6,132.0,0.18,1.96,10.5,35.0,54270.03403757182,1137.520271,775.553441,34032.82619,0.64,0.64,291.775169,0.96,0.28,100,1.0,4513.1566,0.470332,104.0,23.0,36.0,20.0
very_sparse_corridor,6,no_energy_repair,alns_full_no_energy_repair,100,18,3,6,132.0,0.18,1.96,10.5,35.0,40755.90241657183,1022.241585,566.642765,34032.82619,0.64,0.64,302.425383,0.4,0.28,100,1.0,4513.1566,0.239711,125.0,24.0,15.0,22.0
very_sparse_corridor,6,no_sync_repair,alns_full_no_sync_repair,100,18,3,6,132.0,0.18,1.96,10.5,35.0,40755.90241657183,1022.241585,566.642765,34032.82619,0.64,0.64,302.425383,0.4,0.28,100,1.0,4513.1566,0.246485,126.0,26.0,14.0,23.0
very_sparse_corridor,6,no_uq,alns_full_no_uq,100,18,3,6,132.0,0.18,1.96,10.5,35.0,40118.119074691844,1056.503725,643.280917,34025.327547,0.69,0.69,270.33021,0.52,0.24,100,1.0,4442.2767,0.222405,110.0,20.0,30.0,20.0
very_sparse_corridor,6,no_risk_value,alns_full_no_risk_value,100,18,3,6,132.0,0.18,1.96,10.5,35.0,34338.01304657183,914.552113,446.177541,34032.82619,0.64,0.64,333.893422,0.16,0.16,100,1.0,4513.1566,0.235563,128.0,25.0,12.0,19.0
very_sparse_corridor,6,alns_fixed,alns_fixed,100,18,3,6,132.0,0.18,1.96,10.5,35.0,35040.14015173183,982.328127,511.527605,34049.115713,0.7,0.7,342.157729,0.16,0.16,100,1.0,4442.2767,0.185361,127.0,32.0,13.0,22.0
very_sparse_corridor,7,alns_pinn_full,alns_full,100,18,3,6,132.0,0.18,1.96,10.5,35.0,41706.93471577098,1134.109669,629.741891,34646.223141,0.66,0.66,252.965506,0.64,0.36,100,1.0,5116.4778,0.407537,115.0,18.0,25.0,13.0
very_sparse_corridor,7,no_energy_repair,alns_full_no_energy_repair,100,18,3,6,132.0,0.18,1.96,10.5,35.0,41706.93471577098,1134.109669,629.741891,34646.223141,0.66,0.66,252.965506,0.64,0.36,100,1.0,5116.4778,0.239119,126.0,23.0,14.0,16.0
very_sparse_corridor,7,no_sync_repair,alns_full_no_sync_repair,100,18,3,6,132.0,0.18,1.96,10.5,35.0,41706.93471577098,1134.109669,629.741891,34646.223141,0.66,0.66,252.965506,0.64,0.36,100,1.0,5116.4778,0.359757,125.0,15.0,15.0,15.0
very_sparse_corridor,7,no_uq,alns_full_no_uq,100,18,3,6,132.0,0.18,1.96,10.5,35.0,43390.784130771,1084.198034,620.860434,34630.71357,0.77,0.77,255.190137,0.76,0.28,100,1.0,4955.6441,0.232863,114.0,19.0,26.0,18.0
very_sparse_corridor,7,no_risk_value,alns_full_no_risk_value,100,18,3,6,132.0,0.18,1.96,10.5,35.0,37238.603198771,1022.424779,569.733139,34646.223141,0.66,0.66,339.677782,0.28,0.28,100,1.0,5116.4778,0.211855,131.0,21.0,9.0,13.0
very_sparse_corridor,7,alns_fixed,alns_fixed,100,18,3,6,132.0,0.18,1.96,10.5,35.0,37331.422358411,1016.66119,569.733139,34644.405348,0.77,0.77,339.265618,0.28,0.28,100,1.0,4955.6441,0.185271,129.0,29.0,11.0,13.0
very_sparse_corridor,8,alns_pinn_full,alns_full,100,18,3,6,132.0,0.18,1.96,10.5,35.0,51827.64700628988,1030.731614,640.333241,34220.765131,0.65,0.65,263.851835,0.92,0.2,100,1.0,5187.2597,0.372863,104.0,19.0,36.0,19.0
very_sparse_corridor,8,no_energy_repair,alns_full_no_energy_repair,100,18,3,6,132.0,0.18,1.96,10.5,35.0,43628.50724428988,1089.95585,763.99471,34220.765131,0.65,0.65,292.686035,0.48,0.2,100,1.0,5187.2597,0.208616,124.0,24.0,16.0,13.0
very_sparse_corridor,8,no_sync_repair,alns_full_no_sync_repair,100,18,3,6,132.0,0.18,1.96,10.5,35.0,43628.50724428988,1089.95585,763.99471,34220.765131,0.65,0.65,292.686035,0.48,0.2,100,1.0,5187.2597,0.201026,126.0,15.0,14.0,15.0
very_sparse_corridor,8,no_uq,alns_full_no_uq,100,18,3,6,132.0,0.18,1.96,10.5,35.0,44013.515110889886,1062.813216,715.286373,34206.716435,0.75,0.75,270.362515,0.6,0.16,100,1.0,4878.3118,0.198566,115.0,24.0,25.0,18.0
very_sparse_corridor,8,no_risk_value,alns_full_no_risk_value,100,18,3,6,132.0,0.18,1.96,10.5,35.0,35743.131268289886,999.573955,544.590555,34220.765131,0.65,0.65,354.457705,0.16,0.16,100,1.0,5187.2597,0.213946,129.0,25.0,11.0,20.0
very_sparse_corridor,8,alns_fixed,alns_fixed,100,18,3,6,132.0,0.18,1.96,10.5,35.0,34940.91399644989,980.05996,516.064896,34215.899699,0.75,0.75,344.308429,0.16,0.16,100,1.0,4878.3118,0.166521,129.0,25.0,11.0,20.0
very_sparse_corridor,9,alns_pinn_full,alns_full,100,18,3,6,132.0,0.18,1.96,10.5,35.0,39366.99612465472,1076.735125,601.952756,33584.841983,0.64,0.64,269.098011,0.64,0.48,100,1.0,4771.0037,0.345261,114.0,19.0,26.0,16.0
very_sparse_corridor,9,no_energy_repair,alns_full_no_energy_repair,100,18,3,6,132.0,0.18,1.96,10.5,35.0,39366.99612465472,1076.735125,601.952756,33584.841983,0.64,0.64,269.098011,0.64,0.48,100,1.0,4771.0037,0.258899,125.0,19.0,15.0,14.0
very_sparse_corridor,9,no_sync_repair,alns_full_no_sync_repair,100,18,3,6,132.0,0.18,1.96,10.5,35.0,39366.99612465472,1076.735125,601.952756,33584.841983,0.64,0.64,269.098011,0.64,0.48,100,1.0,4771.0037,0.309663,122.0,14.0,18.0,14.0
very_sparse_corridor,9,no_uq,alns_full_no_uq,100,18,3,6,132.0,0.18,1.96,10.5,35.0,40904.67986429471,1054.224036,639.890035,33573.211164,0.72,0.72,261.665357,0.64,0.28,100,1.0,4522.1099,0.260336,114.0,13.0,26.0,9.0
very_sparse_corridor,9,no_risk_value,alns_full_no_risk_value,100,18,3,6,132.0,0.18,1.96,10.5,35.0,32680.310602654707,959.986742,435.01483,33584.841983,0.64,0.64,306.76346,0.28,0.28,100,1.0,4771.0037,0.257333,129.0,26.0,11.0,16.0
very_sparse_corridor,9,alns_fixed,alns_fixed,100,18,3,6,132.0,0.18,1.96,10.5,35.0,32754.777094814715,937.544818,458.803179,33589.301001,0.72,0.72,304.612836,0.28,0.24,100,1.0,4522.1099,0.215998,129.0,26.0,11.0,17.0
