size,variant_index,tower_count,stop_count,vehicle_count,uavs_per_vehicle,seed,uncertainty,method,candidate_mode,nearest_per_tower,sensitivity_factor,sensitivity_level,quantile_z,scenario_id,milp_status,milp_reference_scope,milp_optimizes_rwct,milp_completion_time_scope,total_candidate_pairs,screened_pair_count,candidate_pair_reduction,feasible_candidate_pairs,baseline_family,baseline_candidate_evaluations,baseline_generations,baseline_population_size,baseline_ant_count,baseline_best_order_score,alns_use_quantile,alns_risk_value_weight,alns_adaptive_enabled,alns_accepted_moves,alns_improving_moves,alns_rejected_moves,alns_best_updates,alns_objective_evaluations,alns_score_cache_size,alns_repair_position_evaluations,destroy_random_removal_uses,destroy_worst_energy_removal_uses,destroy_shaw_related_removal_uses,destroy_path_segment_removal_uses,destroy_uav_chain_removal_uses,repair_greedy_insert_repair_uses,repair_regret_insert_repair_uses,repair_energy_minimum_insert_repair_uses,repair_synchronization_aware_insert_repair_uses,makespan,total_vehicle_distance,expected_energy,energy_violation_rate,infeasible_sortie_rate,risk_weighted_completion_time,top_risk_coverage,feasible_top_risk_coverage,sortie_count,avg_towers_per_sortie,missed_value,solver_runtime,objective_value,milp_gap,optimality_gap_pct,reserve_ratio,iteration_budget,uav_count_override
M,1,50,25,2,2,0,high,alns_pinn_full,kmeans,3,quantile_z,1.28,1.28,M50_P25_seed0_high_kmeans25,not_milp,not_milp,False,not_milp,1250,150,0.88,95,,0.0,0.0,0.0,0.0,0.0,True,0.25,True,78.0,18.0,22.0,2.0,101.0,50.0,900.0,19.0,15.0,22.0,12.0,32.0,42.0,29.0,10.0,19.0,482.54088,639.538647,2210.077894,0.0,0.0,132.8136,0.916667,0.916667,50,1.0,0,0.087805,11238.031241367527,0.0,0.0,,,
M,1,50,25,2,2,0,high,alns_pinn_full,kmeans,3,quantile_z,1.645,1.645,M50_P25_seed0_high_kmeans25,not_milp,not_milp,False,not_milp,1250,148,0.8816,87,,0.0,0.0,0.0,0.0,0.0,True,0.25,True,81.0,28.0,19.0,5.0,101.0,50.0,900.0,25.0,19.0,21.0,14.0,21.0,45.0,29.0,11.0,15.0,462.416708,626.928578,2211.976027,0.0,0.0,124.769259,0.916667,0.916667,50,1.0,0,0.091304,10689.33338696753,0.0,0.0,,,
M,1,50,25,2,2,0,high,alns_pinn_full,kmeans,3,quantile_z,1.96,1.96,M50_P25_seed0_high_kmeans25,not_milp,not_milp,False,not_milp,1250,148,0.8816,82,,0.0,0.0,0.0,0.0,0.0,True,0.25,True,81.0,28.0,19.0,5.0,101.0,50.0,900.0,25.0,19.0,21.0,14.0,21.0,45.0,29.0,11.0,15.0,456.128774,599.148895,2211.976027,0.0,0.0,122.08572,0.916667,0.916667,50,1.0,0,0.102236,10320.329566567532,0.0,0.0,,,
M,1,50,25,2,2,0,high,alns_pinn_full,kmeans,3,reserve_ratio,0.08,,M50_P25_seed0_high_kmeans25,not_milp,not_milp,False,not_milp,1250,150,0.88,92,,0.0,0.0,0.0,0.0,0.0,True,0.25,True,77.0,17.0,23.0,6.0,101.0,50.0,900.0,23.0,17.0,17.0,13.0,30.0,38.0,34.0,13.0,15.0,482.883179,651.416234,2210.077894,0.0,0.0,134.278575,0.916667,0.916667,50,1.0,0,0.092598,11372.87703280753,0.0,0.0,0.08,,
M,1,50,25,2,2,0,high,alns_pinn_full,kmeans,3,reserve_ratio,0.12,,M50_P25_seed0_high_kmeans25,not_milp,not_milp,False,not_milp,1250,148,0.8816,87,,0.0,0.0,0.0,0.0,0.0,True,0.25,True,81.0,28.0,19.0,5.0,101.0,50.0,900.0,25.0,19.0,21.0,14.0,21.0,45.0,29.0,11.0,15.0,462.416708,626.928578,2211.976027,0.0,0.0,124.769259,0.916667,0.916667,50,1.0,0,0.09174,10689.33338696753,0.0,0.0,0.12,,
M,1,50,25,2,2,0,high,alns_pinn_full,kmeans,3,reserve_ratio,0.2,,M50_P25_seed0_high_kmeans25,not_milp,not_milp,False,not_milp,1250,148,0.8816,78,,0.0,0.0,0.0,0.0,0.0,True,0.25,True,81.0,28.0,19.0,5.0,101.0,50.0,900.0,25.0,19.0,21.0,14.0,21.0,45.0,29.0,11.0,15.0,462.416708,626.928578,2211.976027,0.0,0.0,124.769259,0.916667,0.916667,50,1.0,0,0.094161,10689.33338696753,0.0,0.0,0.2,,
M,1,50,25,2,2,0,high,alns_pinn_full,kmeans,3,iteration_budget,50,,M50_P25_seed0_high_kmeans25,not_milp,not_milp,False,not_milp,1250,148,0.8816,87,,0.0,0.0,0.0,0.0,0.0,True,0.25,True,40.0,20.0,10.0,5.0,51.0,50.0,450.0,10.0,7.0,16.0,6.0,11.0,21.0,14.0,6.0,9.0,462.416708,626.928578,2211.976027,0.0,0.0,124.769259,0.916667,0.916667,50,1.0,0,0.085064,10689.33338696753,0.0,0.0,,50,
M,1,50,25,2,2,0,high,alns_pinn_full,kmeans,3,iteration_budget,100,,M50_P25_seed0_high_kmeans25,not_milp,not_milp,False,not_milp,1250,148,0.8816,87,,0.0,0.0,0.0,0.0,0.0,True,0.25,True,81.0,28.0,19.0,5.0,101.0,50.0,900.0,25.0,19.0,21.0,14.0,21.0,45.0,29.0,11.0,15.0,462.416708,626.928578,2211.976027,0.0,0.0,124.769259,0.916667,0.916667,50,1.0,0,0.091532,10689.33338696753,0.0,0.0,,100,
M,1,50,25,2,2,0,high,alns_pinn_full,kmeans,3,iteration_budget,160,,M50_P25_seed0_high_kmeans25,not_milp,not_milp,False,not_milp,1250,148,0.8816,87,,0.0,0.0,0.0,0.0,0.0,True,0.25,True,138.0,43.0,22.0,5.0,161.0,50.0,1440.0,46.0,30.0,30.0,22.0,32.0,71.0,57.0,12.0,20.0,462.416708,626.928578,2211.976027,0.0,0.0,124.769259,0.916667,0.916667,50,1.0,0,0.099852,10689.33338696753,0.0,0.0,,160,
M,1,50,25,2,2,0,high,alns_pinn_full,kmeans,3,uav_count,2,,M50_P25_seed0_high_uav_count2_kmeans25,not_milp,not_milp,False,not_milp,1250,148,0.8816,87,,0.0,0.0,0.0,0.0,0.0,True,0.25,True,81.0,28.0,19.0,5.0,101.0,50.0,900.0,25.0,19.0,21.0,14.0,21.0,45.0,29.0,11.0,15.0,488.129583,652.307287,2211.976027,0.0,0.0,139.635464,0.916667,0.916667,50,1.0,0,0.085342,11697.61037796753,0.0,0.0,,,2
M,1,50,25,2,2,0,high,alns_pinn_full,kmeans,3,uav_count,4,,M50_P25_seed0_high_uav_count4_kmeans25,not_milp,not_milp,False,not_milp,1250,148,0.8816,87,,0.0,0.0,0.0,0.0,0.0,True,0.25,True,81.0,28.0,19.0,5.0,101.0,50.0,900.0,25.0,19.0,21.0,14.0,21.0,45.0,29.0,11.0,15.0,462.416708,626.928578,2211.976027,0.0,0.0,124.769259,0.916667,0.916667,50,1.0,0,0.088432,10689.33338696753,0.0,0.0,,,4
M,1,50,25,2,2,0,high,alns_pinn_full,kmeans,3,uav_count,6,,M50_P25_seed0_high_uav_count6_kmeans25,not_milp,not_milp,False,not_milp,1250,148,0.8816,87,,0.0,0.0,0.0,0.0,0.0,True,0.25,True,81.0,28.0,19.0,5.0,101.0,50.0,900.0,25.0,19.0,21.0,14.0,21.0,45.0,29.0,11.0,15.0,462.416708,626.928578,2211.976027,0.0,0.0,124.769259,0.916667,0.916667,50,1.0,0,0.091082,10689.33338696753,0.0,0.0,,,6
M,1,50,25,2,2,0,high,alns_pinn_full,direct,3,candidate_mode,direct,,M50_P25_seed0_high,not_milp,not_milp,False,not_milp,1250,1250,0.0,85,,0.0,0.0,0.0,0.0,0.0,True,0.25,True,80.0,15.0,20.0,5.0,101.0,50.0,900.0,19.0,17.0,19.0,16.0,29.0,38.0,36.0,9.0,17.0,484.979684,610.034511,2601.619784,0.0,0.0,151.288462,1.0,1.0,50,1.0,0,0.083896,12536.364786007529,0.0,0.0,,,
M,1,50,25,2,2,0,high,alns_pinn_full,kmeans,3,candidate_mode,kmeans,,M50_P25_seed0_high_kmeans25,not_milp,not_milp,False,not_milp,1250,148,0.8816,87,,0.0,0.0,0.0,0.0,0.0,True,0.25,True,81.0,28.0,19.0,5.0,101.0,50.0,900.0,25.0,19.0,21.0,14.0,21.0,45.0,29.0,11.0,15.0,462.416708,626.928578,2211.976027,0.0,0.0,124.769259,0.916667,0.916667,50,1.0,0,0.085485,10689.33338696753,0.0,0.0,,,
M,1,50,25,2,2,0,high,alns_pinn_full,dbscan,3,candidate_mode,dbscan,,M50_P25_seed0_high_dbscan3,not_milp,not_milp,False,not_milp,150,70,0.533333,10,,0.0,0.0,0.0,0.0,0.0,True,0.25,True,72.0,13.0,28.0,7.0,101.0,50.0,900.0,22.0,20.0,13.0,13.0,32.0,29.0,39.0,11.0,21.0,528.665019,243.518614,8676.977706,0.7,0.7,136.398838,0.75,0.333333,50,1.0,2597.2987,0.027154,11672.49199904753,0.0,0.0,,,
M,1,50,25,2,2,1,high,alns_pinn_full,kmeans,3,quantile_z,1.28,1.28,M50_P25_seed1_high_kmeans25,not_milp,not_milp,False,not_milp,1250,150,0.88,90,,0.0,0.0,0.0,0.0,0.0,True,0.25,True,73.0,6.0,27.0,6.0,101.0,50.0,900.0,23.0,13.0,24.0,17.0,23.0,43.0,30.0,15.0,12.0,431.041401,571.901594,2209.459151,0.0,0.0,128.701167,0.916667,0.916667,50,1.0,0,0.085957,10611.623622184221,0.0,0.0,,,
M,1,50,25,2,2,1,high,alns_pinn_full,kmeans,3,quantile_z,1.645,1.645,M50_P25_seed1_high_kmeans25,not_milp,not_milp,False,not_milp,1250,148,0.8816,81,,0.0,0.0,0.0,0.0,0.0,True,0.25,True,80.0,14.0,20.0,4.0,101.0,50.0,900.0,22.0,25.0,14.0,15.0,24.0,38.0,37.0,11.0,14.0,441.195453,590.630016,2211.340411,0.0,0.0,129.796685,0.916667,0.916667,50,1.0,0,0.079016,10676.289325304222,0.0,0.0,,,
M,1,50,25,2,2,1,high,alns_pinn_full,kmeans,3,quantile_z,1.96,1.96,M50_P25_seed1_high_kmeans25,not_milp,not_milp,False,not_milp,1250,146,0.8832,72,,0.0,0.0,0.0,0.0,0.0,True,0.25,True,79.0,13.0,21.0,4.0,101.0,50.0,900.0,22.0,25.0,14.0,15.0,24.0,38.0,37.0,11.0,14.0,441.340219,590.630016,2213.070908,0.0,0.0,129.796685,0.916667,0.916667,50,1.0,0,0.084174,10684.010384064224,0.0,0.0,,,
M,1,50,25,2,2,1,high,alns_pinn_full,kmeans,3,reserve_ratio,0.08,,M50_P25_seed1_high_kmeans25,not_milp,not_milp,False,not_milp,1250,148,0.8816,86,,0.0,0.0,0.0,0.0,0.0,True,0.25,True,80.0,14.0,20.0,4.0,101.0,50.0,900.0,22.0,25.0,14.0,15.0,24.0,38.0,37.0,11.0,14.0,441.195453,590.630016,2211.340411,0.0,0.0,129.796685,0.916667,0.916667,50,1.0,0,0.089504,10676.289325304222,0.0,0.0,0.08,,
M,1,50,25,2,2,1,high,alns_pinn_full,kmeans,3,reserve_ratio,0.12,,M50_P25_seed1_high_kmeans25,not_milp,not_milp,False,not_milp,1250,148,0.8816,81,,0.0,0.0,0.0,0.0,0.0,True,0.25,True,80.0,14.0,20.0,4.0,101.0,50.0,900.0,22.0,25.0,14.0,15.0,24.0,38.0,37.0,11.0,14.0,441.195453,590.630016,2211.340411,0.0,0.0,129.796685,0.916667,0.916667,50,1.0,0,0.085202,10676.289325304222,0.0,0.0,0.12,,
M,1,50,25,2,2,1,high,alns_pinn_full,kmeans,3,reserve_ratio,0.2,,M50_P25_seed1_high_kmeans25,not_milp,not_milp,False,not_milp,1250,146,0.8832,63,,0.0,0.0,0.0,0.0,0.0,True,0.25,True,79.0,13.0,21.0,4.0,101.0,50.0,900.0,22.0,25.0,14.0,15.0,24.0,38.0,37.0,11.0,14.0,441.340219,590.630016,2213.070908,0.0,0.0,129.796685,0.916667,0.916667,50,1.0,0,0.094164,10675.417872064223,0.0,0.0,0.2,,
M,1,50,25,2,2,1,high,alns_pinn_full,kmeans,3,iteration_budget,50,,M50_P25_seed1_high_kmeans25,not_milp,not_milp,False,not_milp,1250,148,0.8816,81,,0.0,0.0,0.0,0.0,0.0,True,0.25,True,39.0,12.0,11.0,4.0,51.0,50.0,450.0,11.0,10.0,9.0,5.0,15.0,19.0,17.0,5.0,9.0,441.195453,590.630016,2211.340411,0.0,0.0,129.796685,0.916667,0.916667,50,1.0,0,0.092962,10676.289325304222,0.0,0.0,,50,
M,1,50,25,2,2,1,high,alns_pinn_full,kmeans,3,iteration_budget,100,,M50_P25_seed1_high_kmeans25,not_milp,not_milp,False,not_milp,1250,148,0.8816,81,,0.0,0.0,0.0,0.0,0.0,True,0.25,True,80.0,14.0,20.0,4.0,101.0,50.0,900.0,22.0,25.0,14.0,15.0,24.0,38.0,37.0,11.0,14.0,441.195453,590.630016,2211.340411,0.0,0.0,129.796685,0.916667,0.916667,50,1.0,0,0.091261,10676.289325304222,0.0,0.0,,100,
M,1,50,25,2,2,1,high,alns_pinn_full,kmeans,3,iteration_budget,160,,M50_P25_seed1_high_kmeans25,not_milp,not_milp,False,not_milp,1250,148,0.8816,81,,0.0,0.0,0.0,0.0,0.0,True,0.25,True,133.0,15.0,27.0,4.0,161.0,50.0,1440.0,31.0,45.0,24.0,27.0,33.0,54.0,73.0,14.0,19.0,441.195453,590.630016,2211.340411,0.0,0.0,129.796685,0.916667,0.916667,50,1.0,0,0.089273,10676.289325304222,0.0,0.0,,160,
M,1,50,25,2,2,1,high,alns_pinn_full,kmeans,3,uav_count,2,,M50_P25_seed1_high_uav_count2_kmeans25,not_milp,not_milp,False,not_milp,1250,148,0.8816,81,,0.0,0.0,0.0,0.0,0.0,True,0.25,True,80.0,14.0,20.0,4.0,101.0,50.0,900.0,22.0,25.0,14.0,15.0,24.0,38.0,37.0,11.0,14.0,463.308767,595.260146,2211.340411,0.0,0.0,134.01546,0.916667,0.916667,50,1.0,0,0.081989,11042.018439304222,0.0,0.0,,,2
M,1,50,25,2,2,1,high,alns_pinn_full,kmeans,3,uav_count,4,,M50_P25_seed1_high_uav_count4_kmeans25,not_milp,not_milp,False,not_milp,1250,148,0.8816,81,,0.0,0.0,0.0,0.0,0.0,True,0.25,True,80.0,14.0,20.0,4.0,101.0,50.0,900.0,22.0,25.0,14.0,15.0,24.0,38.0,37.0,11.0,14.0,441.195453,590.630016,2211.340411,0.0,0.0,129.796685,0.916667,0.916667,50,1.0,0,0.080746,10676.289325304222,0.0,0.0,,,4
M,1,50,25,2,2,1,high,alns_pinn_full,kmeans,3,uav_count,6,,M50_P25_seed1_high_uav_count6_kmeans25,not_milp,not_milp,False,not_milp,1250,148,0.8816,81,,0.0,0.0,0.0,0.0,0.0,True,0.25,True,80.0,14.0,20.0,4.0,101.0,50.0,900.0,22.0,25.0,14.0,15.0,24.0,38.0,37.0,11.0,14.0,441.195453,590.630016,2211.340411,0.0,0.0,129.796685,0.916667,0.916667,50,1.0,0,0.084087,10676.289325304222,0.0,0.0,,,6
M,1,50,25,2,2,1,high,alns_pinn_full,direct,3,candidate_mode,direct,,M50_P25_seed1_high,not_milp,not_milp,False,not_milp,1250,1250,0.0,77,,0.0,0.0,0.0,0.0,0.0,True,0.25,True,73.0,6.0,27.0,6.0,101.0,50.0,900.0,25.0,13.0,25.0,17.0,20.0,45.0,28.0,14.0,13.0,496.366814,634.936846,2583.631641,0.0,0.0,139.206569,1.0,1.0,50,1.0,0,0.075948,11846.689275064218,0.0,0.0,,,
M,1,50,25,2,2,1,high,alns_pinn_full,kmeans,3,candidate_mode,kmeans,,M50_P25_seed1_high_kmeans25,not_milp,not_milp,False,not_milp,1250,148,0.8816,81,,0.0,0.0,0.0,0.0,0.0,True,0.25,True,80.0,14.0,20.0,4.0,101.0,50.0,900.0,22.0,25.0,14.0,15.0,24.0,38.0,37.0,11.0,14.0,441.195453,590.630016,2211.340411,0.0,0.0,129.796685,0.916667,0.916667,50,1.0,0,0.081768,10676.289325304222,0.0,0.0,,,
M,1,50,25,2,2,1,high,alns_pinn_full,dbscan,3,candidate_mode,dbscan,,M50_P25_seed1_high_dbscan3,not_milp,not_milp,False,not_milp,150,70,0.533333,10,,0.0,0.0,0.0,0.0,0.0,True,0.25,True,77.0,16.0,23.0,14.0,101.0,50.0,900.0,31.0,13.0,20.0,12.0,24.0,40.0,35.0,14.0,11.0,496.625137,197.990236,8977.04669,0.7,0.7,118.566139,0.416667,0.166667,50,1.0,2759.7182,0.020593,10138.905666304221,0.0,0.0,,,
M,1,50,25,2,2,2,high,alns_pinn_full,kmeans,3,quantile_z,1.28,1.28,M50_P25_seed2_high_kmeans25,not_milp,not_milp,False,not_milp,1250,148,0.8816,80,,0.0,0.0,0.0,0.0,0.0,True,0.25,True,78.0,10.0,22.0,7.0,101.0,50.0,900.0,14.0,22.0,24.0,17.0,23.0,32.0,42.0,11.0,15.0,419.014679,530.505196,2360.349157,0.0,0.0,115.352133,0.916667,0.916667,50,1.0,0,0.08181,10462.95382382178,0.0,0.0,,,
M,1,50,25,2,2,2,high,alns_pinn_full,kmeans,3,quantile_z,1.645,1.645,M50_P25_seed2_high_kmeans25,not_milp,not_milp,False,not_milp,1250,146,0.8832,70,,0.0,0.0,0.0,0.0,0.0,True,0.25,True,80.0,17.0,20.0,7.0,101.0,50.0,900.0,20.0,19.0,26.0,15.0,20.0,31.0,46.0,10.0,13.0,418.17284,519.830683,2362.103865,0.0,0.0,114.540266,0.916667,0.916667,50,1.0,0,0.073674,10287.285216621782,0.0,0.0,,,
M,1,50,25,2,2,2,high,alns_pinn_full,kmeans,3,quantile_z,1.96,1.96,M50_P25_seed2_high_kmeans25,not_milp,not_milp,False,not_milp,1250,144,0.8848,64,,0.0,0.0,0.0,0.0,0.0,True,0.25,True,77.0,11.0,23.0,6.0,101.0,50.0,900.0,20.0,17.0,23.0,18.0,22.0,34.0,42.0,11.0,13.0,434.361628,552.380127,2363.695069,0.0,0.0,119.038765,0.916667,0.916667,50,1.0,0,0.076249,10789.897551821781,0.0,0.0,,,
M,1,50,25,2,2,2,high,alns_pinn_full,kmeans,3,reserve_ratio,0.08,,M50_P25_seed2_high_kmeans25,not_milp,not_milp,False,not_milp,1250,148,0.8816,76,,0.0,0.0,0.0,0.0,0.0,True,0.25,True,77.0,15.0,23.0,7.0,101.0,50.0,900.0,20.0,21.0,23.0,16.0,20.0,32.0,42.0,13.0,13.0,418.17284,519.830683,2360.349157,0.0,0.0,114.540266,0.916667,0.916667,50,1.0,0,0.085053,10288.288519421782,0.0,0.0,0.08,,
M,1,50,25,2,2,2,high,alns_pinn_full,kmeans,3,reserve_ratio,0.12,,M50_P25_seed2_high_kmeans25,not_milp,not_milp,False,not_milp,1250,146,0.8832,70,,0.0,0.0,0.0,0.0,0.0,True,0.25,True,80.0,17.0,20.0,7.0,101.0,50.0,900.0,20.0,19.0,26.0,15.0,20.0,31.0,46.0,10.0,13.0,418.17284,519.830683,2362.103865,0.0,0.0,114.540266,0.916667,0.916667,50,1.0,0,0.076632,10287.285216621782,0.0,0.0,0.12,,
M,1,50,25,2,2,2,high,alns_pinn_full,kmeans,3,reserve_ratio,0.2,,M50_P25_seed2_high_kmeans25,not_milp,not_milp,False,not_milp,1250,142,0.8864,63,,0.0,0.0,0.0,0.0,0.0,True,0.25,True,75.0,11.0,25.0,3.0,101.0,50.0,900.0,15.0,18.0,23.0,18.0,26.0,40.0,34.0,10.0,16.0,444.213835,569.516377,2365.276686,0.0,0.0,121.863826,0.833333,0.833333,50,1.0,0,0.074039,11019.260211821782,0.0,0.0,0.2,,
M,1,50,25,2,2,2,high,alns_pinn_full,kmeans,3,iteration_budget,50,,M50_P25_seed2_high_kmeans25,not_milp,not_milp,False,not_milp,1250,146,0.8832,70,,0.0,0.0,0.0,0.0,0.0,True,0.25,True,37.0,11.0,13.0,7.0,51.0,50.0,450.0,8.0,11.0,14.0,8.0,9.0,18.0,18.0,6.0,8.0,418.17284,519.830683,2362.103865,0.0,0.0,114.540266,0.916667,0.916667,50,1.0,0,0.078166,10287.285216621782,0.0,0.0,,50,
M,1,50,25,2,2,2,high,alns_pinn_full,kmeans,3,iteration_budget,100,,M50_P25_seed2_high_kmeans25,not_milp,not_milp,False,not_milp,1250,146,0.8832,70,,0.0,0.0,0.0,0.0,0.0,True,0.25,True,80.0,17.0,20.0,7.0,101.0,50.0,900.0,20.0,19.0,26.0,15.0,20.0,31.0,46.0,10.0,13.0,418.17284,519.830683,2362.103865,0.0,0.0,114.540266,0.916667,0.916667,50,1.0,0,0.084332,10287.285216621782,0.0,0.0,,100,
M,1,50,25,2,2,2,high,alns_pinn_full,kmeans,3,iteration_budget,160,,M50_P25_seed2_high_kmeans25,not_milp,not_milp,False,not_milp,1250,146,0.8832,70,,0.0,0.0,0.0,0.0,0.0,True,0.25,True,132.0,21.0,28.0,7.0,161.0,50.0,1440.0,33.0,32.0,40.0,25.0,30.0,54.0,74.0,14.0,18.0,418.17284,519.830683,2362.103865,0.0,0.0,114.540266,0.916667,0.916667,50,1.0,0,0.067372,10287.285216621782,0.0,0.0,,160,
M,1,50,25,2,2,2,high,alns_pinn_full,kmeans,3,uav_count,2,,M50_P25_seed2_high_uav_count2_kmeans25,not_milp,not_milp,False,not_milp,1250,146,0.8832,70,,0.0,0.0,0.0,0.0,0.0,True,0.25,True,80.0,17.0,20.0,7.0,101.0,50.0,900.0,20.0,19.0,26.0,15.0,20.0,31.0,46.0,10.0,13.0,456.50273,580.863198,2362.103865,0.0,0.0,119.891126,0.916667,0.916667,50,1.0,0,0.071403,11043.284298621778,0.0,0.0,,,2
M,1,50,25,2,2,2,high,alns_pinn_full,kmeans,3,uav_count,4,,M50_P25_seed2_high_uav_count4_kmeans25,not_milp,not_milp,False,not_milp,1250,146,0.8832,70,,0.0,0.0,0.0,0.0,0.0,True,0.25,True,80.0,17.0,20.0,7.0,101.0,50.0,900.0,20.0,19.0,26.0,15.0,20.0,31.0,46.0,10.0,13.0,418.17284,519.830683,2362.103865,0.0,0.0,114.540266,0.916667,0.916667,50,1.0,0,0.079202,10287.285216621782,0.0,0.0,,,4
M,1,50,25,2,2,2,high,alns_pinn_full,kmeans,3,uav_count,6,,M50_P25_seed2_high_uav_count6_kmeans25,not_milp,not_milp,False,not_milp,1250,146,0.8832,70,,0.0,0.0,0.0,0.0,0.0,True,0.25,True,80.0,17.0,20.0,7.0,101.0,50.0,900.0,20.0,19.0,26.0,15.0,20.0,31.0,46.0,10.0,13.0,418.17284,519.830683,2362.103865,0.0,0.0,114.540266,0.916667,0.916667,50,1.0,0,0.080185,10287.285216621782,0.0,0.0,,,6
M,1,50,25,2,2,2,high,alns_pinn_full,direct,3,candidate_mode,direct,,M50_P25_seed2_high,not_milp,not_milp,False,not_milp,1250,1250,0.0,67,,0.0,0.0,0.0,0.0,0.0,True,0.25,True,78.0,18.0,22.0,7.0,101.0,50.0,900.0,20.0,19.0,27.0,15.0,19.0,32.0,42.0,10.0,16.0,497.337815,655.564818,2668.61218,0.0,0.0,124.850901,0.916667,0.916667,49,1.020408,0,0.094389,11774.197720341781,0.0,0.0,,,
M,1,50,25,2,2,2,high,alns_pinn_full,kmeans,3,candidate_mode,kmeans,,M50_P25_seed2_high_kmeans25,not_milp,not_milp,False,not_milp,1250,146,0.8832,70,,0.0,0.0,0.0,0.0,0.0,True,0.25,True,80.0,17.0,20.0,7.0,101.0,50.0,900.0,20.0,19.0,26.0,15.0,20.0,31.0,46.0,10.0,13.0,418.17284,519.830683,2362.103865,0.0,0.0,114.540266,0.916667,0.916667,50,1.0,0,0.079739,10287.285216621782,0.0,0.0,,,
M,1,50,25,2,2,2,high,alns_pinn_full,dbscan,3,candidate_mode,dbscan,,M50_P25_seed2_high_dbscan3,not_milp,not_milp,False,not_milp,150,70,0.533333,10,,0.0,0.0,0.0,0.0,0.0,True,0.25,True,78.0,16.0,22.0,10.0,101.0,50.0,900.0,20.0,18.0,18.0,19.0,25.0,32.0,43.0,11.0,14.0,453.054398,166.623931,9407.40254,0.76,0.76,114.863973,0.583333,0.333333,50,1.0,2664.7551,0.024041,10313.30348946178,0.0,0.0,,,
M,1,50,25,2,2,3,high,alns_pinn_full,kmeans,3,quantile_z,1.28,1.28,M50_P25_seed3_high_kmeans25,not_milp,not_milp,False,not_milp,1250,150,0.88,97,,0.0,0.0,0.0,0.0,0.0,True,0.25,True,73.0,18.0,27.0,1.0,101.0,50.0,900.0,18.0,21.0,22.0,22.0,17.0,34.0,37.0,14.0,15.0,439.029203,588.344954,2118.450497,0.0,0.0,123.13099,0.916667,0.916667,49,1.020408,0,0.07927,10982.937740550055,0.0,0.0,,,
M,1,50,25,2,2,3,high,alns_pinn_full,kmeans,3,quantile_z,1.645,1.645,M50_P25_seed3_high_kmeans25,not_milp,not_milp,False,not_milp,1250,150,0.88,94,,0.0,0.0,0.0,0.0,0.0,True,0.25,True,75.0,16.0,25.0,1.0,101.0,50.0,900.0,18.0,19.0,22.0,24.0,17.0,41.0,32.0,12.0,15.0,433.712596,580.186658,2141.216734,0.0,0.0,121.881176,0.916667,0.916667,50,1.0,0,0.15701,10837.025091910053,0.0,0.0,,,
M,1,50,25,2,2,3,high,alns_pinn_full,kmeans,3,quantile_z,1.96,1.96,M50_P25_seed3_high_kmeans25,not_milp,not_milp,False,not_milp,1250,150,0.88,88,,0.0,0.0,0.0,0.0,0.0,True,0.25,True,73.0,11.0,27.0,1.0,101.0,50.0,900.0,17.0,19.0,20.0,26.0,18.0,37.0,35.0,12.0,16.0,432.928884,579.348342,2141.216734,0.0,0.0,121.893103,0.916667,0.916667,50,1.0,0,0.140171,10830.284886230054,0.0,0.0,,,
M,1,50,25,2,2,3,high,alns_pinn_full,kmeans,3,reserve_ratio,0.08,,M50_P25_seed3_high_kmeans25,not_milp,not_milp,False,not_milp,1250,150,0.88,95,,0.0,0.0,0.0,0.0,0.0,True,0.25,True,75.0,16.0,25.0,1.0,101.0,50.0,900.0,18.0,19.0,22.0,24.0,17.0,41.0,32.0,12.0,15.0,439.029203,588.344954,2118.450497,0.0,0.0,123.115372,0.916667,0.916667,49,1.020408,0,0.100268,10963.283037310055,0.0,0.0,0.08,,
M,1,50,25,2,2,3,high,alns_pinn_full,kmeans,3,reserve_ratio,0.12,,M50_P25_seed3_high_kmeans25,not_milp,not_milp,False,not_milp,1250,150,0.88,94,,0.0,0.0,0.0,0.0,0.0,True,0.25,True,75.0,16.0,25.0,1.0,101.0,50.0,900.0,18.0,19.0,22.0,24.0,17.0,41.0,32.0,12.0,15.0,433.712596,580.186658,2141.216734,0.0,0.0,121.881176,0.916667,0.916667,50,1.0,0,0.079057,10837.025091910053,0.0,0.0,0.12,,
M,1,50,25,2,2,3,high,alns_pinn_full,kmeans,3,reserve_ratio,0.2,,M50_P25_seed3_high_kmeans25,not_milp,not_milp,False,not_milp,1250,148,0.8816,81,,0.0,0.0,0.0,0.0,0.0,True,0.25,True,74.0,22.0,26.0,3.0,101.0,50.0,900.0,21.0,14.0,29.0,15.0,21.0,36.0,35.0,19.0,10.0,419.973534,550.5357,2142.929575,0.0,0.0,124.379242,0.916667,0.916667,50,1.0,0,0.079862,10736.10934443006,0.0,0.0,0.2,,
M,1,50,25,2,2,3,high,alns_pinn_full,kmeans,3,iteration_budget,50,,M50_P25_seed3_high_kmeans25,not_milp,not_milp,False,not_milp,1250,150,0.88,94,,0.0,0.0,0.0,0.0,0.0,True,0.25,True,32.0,9.0,18.0,1.0,51.0,50.0,450.0,7.0,11.0,9.0,11.0,12.0,17.0,15.0,7.0,11.0,433.712596,580.186658,2141.216734,0.0,0.0,121.881176,0.916667,0.916667,50,1.0,0,0.06965,10837.025091910053,0.0,0.0,,50,
M,1,50,25,2,2,3,high,alns_pinn_full,kmeans,3,iteration_budget,100,,M50_P25_seed3_high_kmeans25,not_milp,not_milp,False,not_milp,1250,150,0.88,94,,0.0,0.0,0.0,0.0,0.0,True,0.25,True,75.0,16.0,25.0,1.0,101.0,50.0,900.0,18.0,19.0,22.0,24.0,17.0,41.0,32.0,12.0,15.0,433.712596,580.186658,2141.216734,0.0,0.0,121.881176,0.916667,0.916667,50,1.0,0,0.075571,10837.025091910053,0.0,0.0,,100,
M,1,50,25,2,2,3,high,alns_pinn_full,kmeans,3,iteration_budget,160,,M50_P25_seed3_high_kmeans25,not_milp,not_milp,False,not_milp,1250,150,0.88,94,,0.0,0.0,0.0,0.0,0.0,True,0.25,True,128.0,23.0,32.0,1.0,161.0,50.0,1440.0,36.0,23.0,35.0,42.0,24.0,68.0,57.0,18.0,17.0,433.712596,580.186658,2141.216734,0.0,0.0,121.881176,0.916667,0.916667,50,1.0,0,0.082902,10837.025091910053,0.0,0.0,,160,
M,1,50,25,2,2,3,high,alns_pinn_full,kmeans,3,uav_count,2,,M50_P25_seed3_high_uav_count2_kmeans25,not_milp,not_milp,False,not_milp,1250,150,0.88,94,,0.0,0.0,0.0,0.0,0.0,True,0.25,True,75.0,16.0,25.0,1.0,101.0,50.0,900.0,18.0,19.0,22.0,24.0,17.0,41.0,32.0,12.0,15.0,437.307956,547.11302,2141.216734,0.0,0.0,125.758715,0.916667,0.916667,50,1.0,0,0.09415,11044.995453910054,0.0,0.0,,,2
M,1,50,25,2,2,3,high,alns_pinn_full,kmeans,3,uav_count,4,,M50_P25_seed3_high_uav_count4_kmeans25,not_milp,not_milp,False,not_milp,1250,150,0.88,94,,0.0,0.0,0.0,0.0,0.0,True,0.25,True,75.0,16.0,25.0,1.0,101.0,50.0,900.0,18.0,19.0,22.0,24.0,17.0,41.0,32.0,12.0,15.0,433.712596,580.186658,2141.216734,0.0,0.0,121.881176,0.916667,0.916667,50,1.0,0,0.093991,10837.025091910053,0.0,0.0,,,4
M,1,50,25,2,2,3,high,alns_pinn_full,kmeans,3,uav_count,6,,M50_P25_seed3_high_uav_count6_kmeans25,not_milp,not_milp,False,not_milp,1250,150,0.88,94,,0.0,0.0,0.0,0.0,0.0,True,0.25,True,75.0,16.0,25.0,1.0,101.0,50.0,900.0,18.0,19.0,22.0,24.0,17.0,41.0,32.0,12.0,15.0,433.712596,580.186658,2141.216734,0.0,0.0,121.881176,0.916667,0.916667,50,1.0,0,0.095857,10837.025091910053,0.0,0.0,,,6
M,1,50,25,2,2,3,high,alns_pinn_full,direct,3,candidate_mode,direct,,M50_P25_seed3_high,not_milp,not_milp,False,not_milp,1250,1250,0.0,91,,0.0,0.0,0.0,0.0,0.0,True,0.25,True,75.0,15.0,25.0,11.0,101.0,50.0,900.0,20.0,24.0,17.0,18.0,21.0,25.0,44.0,13.0,18.0,507.7667,638.599782,2584.551133,0.0,0.0,141.908589,0.916667,0.916667,49,1.020408,0,0.104544,12523.080864670055,0.0,0.0,,,
M,1,50,25,2,2,3,high,alns_pinn_full,kmeans,3,candidate_mode,kmeans,,M50_P25_seed3_high_kmeans25,not_milp,not_milp,False,not_milp,1250,150,0.88,94,,0.0,0.0,0.0,0.0,0.0,True,0.25,True,75.0,16.0,25.0,1.0,101.0,50.0,900.0,18.0,19.0,22.0,24.0,17.0,41.0,32.0,12.0,15.0,433.712596,580.186658,2141.216734,0.0,0.0,121.881176,0.916667,0.916667,50,1.0,0,0.109241,10837.025091910053,0.0,0.0,,,
M,1,50,25,2,2,3,high,alns_pinn_full,dbscan,3,candidate_mode,dbscan,,M50_P25_seed3_high_dbscan3,not_milp,not_milp,False,not_milp,150,74,0.506667,12,,0.0,0.0,0.0,0.0,0.0,True,0.25,True,74.0,14.0,26.0,13.0,101.0,50.0,900.0,22.0,14.0,22.0,20.0,22.0,35.0,37.0,13.0,15.0,499.182892,210.585082,8299.131691,0.653061,0.653061,121.122804,0.833333,0.5,49,1.020408,2372.9002,0.030187,11024.804610510053,0.0,0.0,,,
M,1,50,25,2,2,4,high,alns_pinn_full,kmeans,3,quantile_z,1.28,1.28,M50_P25_seed4_high_kmeans25,not_milp,not_milp,False,not_milp,1250,148,0.8816,85,,0.0,0.0,0.0,0.0,0.0,True,0.25,True,74.0,21.0,26.0,8.0,101.0,50.0,900.0,25.0,18.0,17.0,14.0,26.0,34.0,34.0,11.0,21.0,449.735451,592.818343,2302.363068,0.0,0.0,106.680838,0.916667,0.916667,50,1.0,0,0.112733,10243.102209168745,0.0,0.0,,,
M,1,50,25,2,2,4,high,alns_pinn_full,kmeans,3,quantile_z,1.645,1.645,M50_P25_seed4_high_kmeans25,not_milp,not_milp,False,not_milp,1250,148,0.8816,78,,0.0,0.0,0.0,0.0,0.0,True,0.25,True,74.0,22.0,26.0,9.0,101.0,50.0,900.0,27.0,23.0,11.0,17.0,22.0,31.0,37.0,10.0,22.0,435.065714,559.55118,2302.363068,0.0,0.0,99.326384,1.0,1.0,50,1.0,0,0.106148,9566.108966008744,0.0,0.0,,,
M,1,50,25,2,2,4,high,alns_pinn_full,kmeans,3,quantile_z,1.96,1.96,M50_P25_seed4_high_kmeans25,not_milp,not_milp,False,not_milp,1250,146,0.8832,69,,0.0,0.0,0.0,0.0,0.0,True,0.25,True,74.0,13.0,26.0,9.0,101.0,50.0,900.0,27.0,16.0,10.0,18.0,29.0,34.0,38.0,13.0,15.0,404.06294,520.63862,2301.876335,0.02,0.02,99.234415,1.0,1.0,50,1.0,57.2176,0.111268,9476.336045128743,0.0,0.0,,,
M,1,50,25,2,2,4,high,alns_pinn_full,kmeans,3,reserve_ratio,0.08,,M50_P25_seed4_high_kmeans25,not_milp,not_milp,False,not_milp,1250,148,0.8816,83,,0.0,0.0,0.0,0.0,0.0,True,0.25,True,74.0,22.0,26.0,9.0,101.0,50.0,900.0,27.0,23.0,11.0,17.0,22.0,31.0,37.0,10.0,22.0,435.065714,559.55118,2302.363068,0.0,0.0,99.326384,1.0,1.0,50,1.0,0,0.102984,9566.345366008743,0.0,0.0,0.08,,
M,1,50,25,2,2,4,high,alns_pinn_full,kmeans,3,reserve_ratio,0.12,,M50_P25_seed4_high_kmeans25,not_milp,not_milp,False,not_milp,1250,148,0.8816,78,,0.0,0.0,0.0,0.0,0.0,True,0.25,True,74.0,22.0,26.0,9.0,101.0,50.0,900.0,27.0,23.0,11.0,17.0,22.0,31.0,37.0,10.0,22.0,435.065714,559.55118,2302.363068,0.0,0.0,99.326384,1.0,1.0,50,1.0,0,0.094637,9566.108966008744,0.0,0.0,0.12,,
M,1,50,25,2,2,4,high,alns_pinn_full,kmeans,3,reserve_ratio,0.2,,M50_P25_seed4_high_kmeans25,not_milp,not_milp,False,not_milp,1250,146,0.8832,68,,0.0,0.0,0.0,0.0,0.0,True,0.25,True,71.0,19.0,29.0,8.0,101.0,50.0,900.0,30.0,19.0,12.0,17.0,22.0,34.0,32.0,13.0,21.0,399.456857,515.562452,2301.876335,0.02,0.02,99.102945,1.0,1.0,50,1.0,57.2176,0.097879,9423.954099768745,0.0,0.0,0.2,,
M,1,50,25,2,2,4,high,alns_pinn_full,kmeans,3,iteration_budget,50,,M50_P25_seed4_high_kmeans25,not_milp,not_milp,False,not_milp,1250,148,0.8816,78,,0.0,0.0,0.0,0.0,0.0,True,0.25,True,36.0,10.0,14.0,9.0,51.0,50.0,450.0,15.0,12.0,5.0,9.0,9.0,13.0,21.0,6.0,10.0,435.065714,559.55118,2302.363068,0.0,0.0,99.326384,1.0,1.0,50,1.0,0,0.104615,9566.108966008744,0.0,0.0,,50,
M,1,50,25,2,2,4,high,alns_pinn_full,kmeans,3,iteration_budget,100,,M50_P25_seed4_high_kmeans25,not_milp,not_milp,False,not_milp,1250,148,0.8816,78,,0.0,0.0,0.0,0.0,0.0,True,0.25,True,74.0,22.0,26.0,9.0,101.0,50.0,900.0,27.0,23.0,11.0,17.0,22.0,31.0,37.0,10.0,22.0,435.065714,559.55118,2302.363068,0.0,0.0,99.326384,1.0,1.0,50,1.0,0,0.10908,9566.108966008744,0.0,0.0,,100,
M,1,50,25,2,2,4,high,alns_pinn_full,kmeans,3,iteration_budget,160,,M50_P25_seed4_high_kmeans25,not_milp,not_milp,False,not_milp,1250,148,0.8816,78,,0.0,0.0,0.0,0.0,0.0,True,0.25,True,122.0,24.0,38.0,9.0,161.0,50.0,1440.0,36.0,37.0,22.0,27.0,38.0,59.0,55.0,14.0,32.0,435.065714,559.55118,2302.363068,0.0,0.0,99.326384,1.0,1.0,50,1.0,0,0.130623,9566.108966008744,0.0,0.0,,160,
M,1,50,25,2,2,4,high,alns_pinn_full,kmeans,3,uav_count,2,,M50_P25_seed4_high_uav_count2_kmeans25,not_milp,not_milp,False,not_milp,1250,148,0.8816,78,,0.0,0.0,0.0,0.0,0.0,True,0.25,True,74.0,22.0,26.0,9.0,101.0,50.0,900.0,27.0,23.0,11.0,17.0,22.0,31.0,37.0,10.0,22.0,451.730882,559.55118,2302.363068,0.0,0.0,103.684066,0.916667,0.916667,50,1.0,0,0.114633,9961.715399008746,0.0,0.0,,,2
M,1,50,25,2,2,4,high,alns_pinn_full,kmeans,3,uav_count,4,,M50_P25_seed4_high_uav_count4_kmeans25,not_milp,not_milp,False,not_milp,1250,148,0.8816,78,,0.0,0.0,0.0,0.0,0.0,True,0.25,True,74.0,22.0,26.0,9.0,101.0,50.0,900.0,27.0,23.0,11.0,17.0,22.0,31.0,37.0,10.0,22.0,435.065714,559.55118,2302.363068,0.0,0.0,99.326384,1.0,1.0,50,1.0,0,0.117702,9566.108966008744,0.0,0.0,,,4
M,1,50,25,2,2,4,high,alns_pinn_full,kmeans,3,uav_count,6,,M50_P25_seed4_high_uav_count6_kmeans25,not_milp,not_milp,False,not_milp,1250,148,0.8816,78,,0.0,0.0,0.0,0.0,0.0,True,0.25,True,74.0,22.0,26.0,9.0,101.0,50.0,900.0,27.0,23.0,11.0,17.0,22.0,31.0,37.0,10.0,22.0,435.065714,559.55118,2302.363068,0.0,0.0,99.326384,1.0,1.0,50,1.0,0,0.114466,9566.108966008744,0.0,0.0,,,6
M,1,50,25,2,2,4,high,alns_pinn_full,direct,3,candidate_mode,direct,,M50_P25_seed4_high,not_milp,not_milp,False,not_milp,1250,1250,0.0,73,,0.0,0.0,0.0,0.0,0.0,True,0.25,True,69.0,14.0,31.0,6.0,101.0,50.0,900.0,31.0,18.0,13.0,10.0,28.0,37.0,29.0,14.0,20.0,460.812934,583.007741,2738.288517,0.0,0.0,109.872188,1.0,1.0,50,1.0,0,0.122935,10549.182322608745,0.0,0.0,,,
M,1,50,25,2,2,4,high,alns_pinn_full,kmeans,3,candidate_mode,kmeans,,M50_P25_seed4_high_kmeans25,not_milp,not_milp,False,not_milp,1250,148,0.8816,78,,0.0,0.0,0.0,0.0,0.0,True,0.25,True,74.0,22.0,26.0,9.0,101.0,50.0,900.0,27.0,23.0,11.0,17.0,22.0,31.0,37.0,10.0,22.0,435.065714,559.55118,2302.363068,0.0,0.0,99.326384,1.0,1.0,50,1.0,0,0.127942,9566.108966008744,0.0,0.0,,,
M,1,50,25,2,2,4,high,alns_pinn_full,dbscan,3,candidate_mode,dbscan,,M50_P25_seed4_high_dbscan3,not_milp,not_milp,False,not_milp,150,70,0.533333,10,,0.0,0.0,0.0,0.0,0.0,True,0.25,True,75.0,12.0,25.0,10.0,101.0,50.0,900.0,27.0,22.0,9.0,15.0,27.0,42.0,30.0,13.0,15.0,500.176209,227.536716,9108.582604,0.7,0.7,107.878431,0.75,0.416667,50,1.0,2655.6145,0.037815,10441.730071648746,0.0,0.0,,,
M,1,50,25,2,2,5,high,alns_pinn_full,kmeans,3,quantile_z,1.28,1.28,M50_P25_seed5_high_kmeans25,not_milp,not_milp,False,not_milp,1250,150,0.88,88,,0.0,0.0,0.0,0.0,0.0,True,0.25,True,79.0,29.0,21.0,4.0,101.0,50.0,900.0,16.0,12.0,19.0,22.0,31.0,32.0,38.0,13.0,17.0,456.435278,616.085704,2180.634484,0.0,0.0,117.955424,0.916667,0.916667,49,1.020408,0,0.121358,10252.042971527764,0.0,0.0,,,
M,1,50,25,2,2,5,high,alns_pinn_full,kmeans,3,quantile_z,1.645,1.645,M50_P25_seed5_high_kmeans25,not_milp,not_milp,False,not_milp,1250,150,0.88,80,,0.0,0.0,0.0,0.0,0.0,True,0.25,True,76.0,16.0,24.0,4.0,101.0,50.0,900.0,13.0,17.0,27.0,19.0,24.0,37.0,34.0,15.0,14.0,453.64668,607.773917,2180.634484,0.0,0.0,115.951745,0.916667,0.916667,49,1.020408,0,0.109783,10091.618690767762,0.0,0.0,,,
M,1,50,25,2,2,5,high,alns_pinn_full,kmeans,3,quantile_z,1.96,1.96,M50_P25_seed5_high_kmeans25,not_milp,not_milp,False,not_milp,1250,146,0.8832,70,,0.0,0.0,0.0,0.0,0.0,True,0.25,True,83.0,27.0,17.0,4.0,101.0,50.0,900.0,19.0,23.0,20.0,19.0,19.0,40.0,34.0,9.0,17.0,453.863866,621.237344,2184.05957,0.0,0.0,121.781096,0.916667,0.916667,49,1.020408,0,0.126227,10312.817102367766,0.0,0.0,,,
M,1,50,25,2,2,5,high,alns_pinn_full,kmeans,3,reserve_ratio,0.08,,M50_P25_seed5_high_kmeans25,not_milp,not_milp,False,not_milp,1250,150,0.88,85,,0.0,0.0,0.0,0.0,0.0,True,0.25,True,76.0,16.0,24.0,4.0,101.0,50.0,900.0,13.0,17.0,27.0,19.0,24.0,37.0,34.0,15.0,14.0,453.64668,607.773917,2180.634484,0.0,0.0,115.951745,0.916667,0.916667,49,1.020408,0,0.123369,10091.618690767762,0.0,0.0,0.08,,
M,1,50,25,2,2,5,high,alns_pinn_full,kmeans,3,reserve_ratio,0.12,,M50_P25_seed5_high_kmeans25,not_milp,not_milp,False,not_milp,1250,150,0.88,80,,0.0,0.0,0.0,0.0,0.0,True,0.25,True,76.0,16.0,24.0,4.0,101.0,50.0,900.0,13.0,17.0,27.0,19.0,24.0,37.0,34.0,15.0,14.0,453.64668,607.773917,2180.634484,0.0,0.0,115.951745,0.916667,0.916667,49,1.020408,0,0.11742,10091.618690767762,0.0,0.0,0.12,,
M,1,50,25,2,2,5,high,alns_pinn_full,kmeans,3,reserve_ratio,0.2,,M50_P25_seed5_high_kmeans25,not_milp,not_milp,False,not_milp,1250,146,0.8832,70,,0.0,0.0,0.0,0.0,0.0,True,0.25,True,79.0,28.0,21.0,3.0,101.0,50.0,900.0,21.0,23.0,23.0,11.0,22.0,37.0,34.0,13.0,16.0,458.484111,631.457056,2184.05957,0.0,0.0,122.398219,0.916667,0.916667,49,1.020408,0,0.10775,10374.705402607764,0.0,0.0,0.2,,
M,1,50,25,2,2,5,high,alns_pinn_full,kmeans,3,iteration_budget,50,,M50_P25_seed5_high_kmeans25,not_milp,not_milp,False,not_milp,1250,150,0.88,80,,0.0,0.0,0.0,0.0,0.0,True,0.25,True,36.0,12.0,14.0,4.0,51.0,50.0,450.0,4.0,8.0,12.0,11.0,15.0,23.0,9.0,11.0,7.0,453.64668,607.773917,2180.634484,0.0,0.0,115.951745,0.916667,0.916667,49,1.020408,0,0.084266,10091.618690767762,0.0,0.0,,50,
M,1,50,25,2,2,5,high,alns_pinn_full,kmeans,3,iteration_budget,100,,M50_P25_seed5_high_kmeans25,not_milp,not_milp,False,not_milp,1250,150,0.88,80,,0.0,0.0,0.0,0.0,0.0,True,0.25,True,76.0,16.0,24.0,4.0,101.0,50.0,900.0,13.0,17.0,27.0,19.0,24.0,37.0,34.0,15.0,14.0,453.64668,607.773917,2180.634484,0.0,0.0,115.951745,0.916667,0.916667,49,1.020408,0,0.087017,10091.618690767762,0.0,0.0,,100,
M,1,50,25,2,2,5,high,alns_pinn_full,kmeans,3,iteration_budget,160,,M50_P25_seed5_high_kmeans25,not_milp,not_milp,False,not_milp,1250,150,0.88,80,,0.0,0.0,0.0,0.0,0.0,True,0.25,True,132.0,22.0,28.0,4.0,161.0,50.0,1440.0,34.0,27.0,39.0,29.0,31.0,68.0,58.0,17.0,17.0,453.64668,607.773917,2180.634484,0.0,0.0,115.951745,0.916667,0.916667,49,1.020408,0,0.083779,10091.618690767762,0.0,0.0,,160,
M,1,50,25,2,2,5,high,alns_pinn_full,kmeans,3,uav_count,2,,M50_P25_seed5_high_uav_count2_kmeans25,not_milp,not_milp,False,not_milp,1250,150,0.88,80,,0.0,0.0,0.0,0.0,0.0,True,0.25,True,76.0,16.0,24.0,4.0,101.0,50.0,900.0,13.0,17.0,27.0,19.0,24.0,37.0,34.0,15.0,14.0,497.679259,680.391208,2180.634484,0.0,0.0,129.336597,0.916667,0.916667,49,1.020408,0,0.083339,11375.525407767767,0.0,0.0,,,2
M,1,50,25,2,2,5,high,alns_pinn_full,kmeans,3,uav_count,4,,M50_P25_seed5_high_uav_count4_kmeans25,not_milp,not_milp,False,not_milp,1250,150,0.88,80,,0.0,0.0,0.0,0.0,0.0,True,0.25,True,76.0,16.0,24.0,4.0,101.0,50.0,900.0,13.0,17.0,27.0,19.0,24.0,37.0,34.0,15.0,14.0,453.64668,607.773917,2180.634484,0.0,0.0,115.951745,0.916667,0.916667,49,1.020408,0,0.086032,10091.618690767762,0.0,0.0,,,4
M,1,50,25,2,2,5,high,alns_pinn_full,kmeans,3,uav_count,6,,M50_P25_seed5_high_uav_count6_kmeans25,not_milp,not_milp,False,not_milp,1250,150,0.88,80,,0.0,0.0,0.0,0.0,0.0,True,0.25,True,76.0,16.0,24.0,4.0,101.0,50.0,900.0,13.0,17.0,27.0,19.0,24.0,37.0,34.0,15.0,14.0,453.64668,607.773917,2180.634484,0.0,0.0,115.951745,0.916667,0.916667,49,1.020408,0,0.084205,10091.618690767762,0.0,0.0,,,6
M,1,50,25,2,2,5,high,alns_pinn_full,direct,3,candidate_mode,direct,,M50_P25_seed5_high,not_milp,not_milp,False,not_milp,1250,1250,0.0,74,,0.0,0.0,0.0,0.0,0.0,True,0.25,True,78.0,16.0,22.0,4.0,101.0,50.0,900.0,12.0,23.0,20.0,17.0,28.0,33.0,38.0,13.0,16.0,473.684137,571.074517,2488.034442,0.0,0.0,121.474415,0.916667,0.916667,50,1.0,0,0.116125,10563.789493927761,0.0,0.0,,,
M,1,50,25,2,2,5,high,alns_pinn_full,kmeans,3,candidate_mode,kmeans,,M50_P25_seed5_high_kmeans25,not_milp,not_milp,False,not_milp,1250,150,0.88,80,,0.0,0.0,0.0,0.0,0.0,True,0.25,True,76.0,16.0,24.0,4.0,101.0,50.0,900.0,13.0,17.0,27.0,19.0,24.0,37.0,34.0,15.0,14.0,453.64668,607.773917,2180.634484,0.0,0.0,115.951745,0.916667,0.916667,49,1.020408,0,0.092767,10091.618690767762,0.0,0.0,,,
M,1,50,25,2,2,5,high,alns_pinn_full,dbscan,3,candidate_mode,dbscan,,M50_P25_seed5_high_dbscan3,not_milp,not_milp,False,not_milp,150,70,0.533333,10,,0.0,0.0,0.0,0.0,0.0,True,0.25,True,76.0,19.0,24.0,17.0,101.0,50.0,900.0,16.0,24.0,10.0,25.0,25.0,42.0,30.0,11.0,17.0,508.197429,240.022334,8904.946994,0.7,0.7,122.39898,0.75,0.416667,50,1.0,2857.0918,0.026275,10306.205468887767,0.0,0.0,,,
M,1,50,25,2,2,6,high,alns_pinn_full,kmeans,3,quantile_z,1.28,1.28,M50_P25_seed6_high_kmeans25,not_milp,not_milp,False,not_milp,1250,148,0.8816,84,,0.0,0.0,0.0,0.0,0.0,True,0.25,True,76.0,16.0,24.0,9.0,101.0,50.0,900.0,18.0,15.0,23.0,19.0,25.0,40.0,34.0,14.0,12.0,444.570652,560.165058,2402.100669,0.0,0.0,111.736905,1.0,1.0,49,1.020408,0,0.095289,10099.950716430136,0.0,0.0,,,
M,1,50,25,2,2,6,high,alns_pinn_full,kmeans,3,quantile_z,1.645,1.645,M50_P25_seed6_high_kmeans25,not_milp,not_milp,False,not_milp,1250,146,0.8832,70,,0.0,0.0,0.0,0.0,0.0,True,0.25,True,67.0,15.0,33.0,13.0,101.0,50.0,900.0,29.0,18.0,12.0,27.0,14.0,35.0,36.0,12.0,17.0,459.458898,576.311306,2425.320977,0.0,0.0,119.053506,1.0,1.0,50,1.0,0,0.091163,10664.84309227014,0.0,0.0,,,
M,1,50,25,2,2,6,high,alns_pinn_full,kmeans,3,quantile_z,1.96,1.96,M50_P25_seed6_high_kmeans25,not_milp,not_milp,False,not_milp,1250,140,0.888,63,,0.0,0.0,0.0,0.0,0.0,True,0.25,True,78.0,24.0,22.0,9.0,101.0,50.0,900.0,21.0,21.0,26.0,16.0,16.0,43.0,30.0,11.0,16.0,483.321571,595.295515,2430.184604,0.0,0.0,121.999779,1.0,1.0,50,1.0,0,0.084014,10563.754982630137,0.0,0.0,,,
M,1,50,25,2,2,6,high,alns_pinn_full,kmeans,3,reserve_ratio,0.08,,M50_P25_seed6_high_kmeans25,not_milp,not_milp,False,not_milp,1250,148,0.8816,78,,0.0,0.0,0.0,0.0,0.0,True,0.25,True,80.0,16.0,20.0,11.0,101.0,50.0,900.0,23.0,16.0,21.0,18.0,22.0,35.0,41.0,10.0,14.0,460.169506,590.718615,2402.100669,0.0,0.0,114.835577,1.0,1.0,49,1.020408,0,0.089668,10519.61047011014,0.0,0.0,0.08,,
M,1,50,25,2,2,6,high,alns_pinn_full,kmeans,3,reserve_ratio,0.12,,M50_P25_seed6_high_kmeans25,not_milp,not_milp,False,not_milp,1250,146,0.8832,70,,0.0,0.0,0.0,0.0,0.0,True,0.25,True,67.0,15.0,33.0,13.0,101.0,50.0,900.0,29.0,18.0,12.0,27.0,14.0,35.0,36.0,12.0,17.0,459.458898,576.311306,2425.320977,0.0,0.0,119.053506,1.0,1.0,50,1.0,0,0.091457,10664.84309227014,0.0,0.0,0.12,,
M,1,50,25,2,2,6,high,alns_pinn_full,kmeans,3,reserve_ratio,0.2,,M50_P25_seed6_high_kmeans25,not_milp,not_milp,False,not_milp,1250,138,0.8896,59,,0.0,0.0,0.0,0.0,0.0,True,0.25,True,78.0,27.0,22.0,11.0,101.0,50.0,900.0,19.0,17.0,23.0,17.0,24.0,41.0,32.0,12.0,15.0,481.188422,615.24892,2431.723325,0.0,0.0,121.973721,1.0,1.0,50,1.0,0,0.086613,10566.512055350138,0.0,0.0,0.2,,
M,1,50,25,2,2,6,high,alns_pinn_full,kmeans,3,iteration_budget,50,,M50_P25_seed6_high_kmeans25,not_milp,not_milp,False,not_milp,1250,146,0.8832,70,,0.0,0.0,0.0,0.0,0.0,True,0.25,True,25.0,10.0,25.0,8.0,51.0,50.0,450.0,12.0,9.0,7.0,14.0,8.0,14.0,15.0,10.0,11.0,445.521643,568.369837,2425.320977,0.0,0.0,120.231207,1.0,1.0,50,1.0,0,0.081795,10697.169103270138,0.0,0.0,,50,
M,1,50,25,2,2,6,high,alns_pinn_full,kmeans,3,iteration_budget,100,,M50_P25_seed6_high_kmeans25,not_milp,not_milp,False,not_milp,1250,146,0.8832,70,,0.0,0.0,0.0,0.0,0.0,True,0.25,True,67.0,15.0,33.0,13.0,101.0,50.0,900.0,29.0,18.0,12.0,27.0,14.0,35.0,36.0,12.0,17.0,459.458898,576.311306,2425.320977,0.0,0.0,119.053506,1.0,1.0,50,1.0,0,0.094793,10664.84309227014,0.0,0.0,,100,
M,1,50,25,2,2,6,high,alns_pinn_full,kmeans,3,iteration_budget,160,,M50_P25_seed6_high_kmeans25,not_milp,not_milp,False,not_milp,1250,146,0.8832,70,,0.0,0.0,0.0,0.0,0.0,True,0.25,True,117.0,20.0,43.0,13.0,161.0,50.0,1440.0,38.0,32.0,19.0,45.0,26.0,60.0,57.0,20.0,23.0,459.458898,576.311306,2425.320977,0.0,0.0,119.053506,1.0,1.0,50,1.0,0,0.111064,10664.84309227014,0.0,0.0,,160,
M,1,50,25,2,2,6,high,alns_pinn_full,kmeans,3,uav_count,2,,M50_P25_seed6_high_uav_count2_kmeans25,not_milp,not_milp,False,not_milp,1250,146,0.8832,70,,0.0,0.0,0.0,0.0,0.0,True,0.25,True,67.0,15.0,33.0,13.0,101.0,50.0,900.0,29.0,18.0,12.0,27.0,14.0,35.0,36.0,12.0,17.0,459.109749,568.277718,2425.320977,0.0,0.0,121.869594,1.0,1.0,50,1.0,0,0.111311,10810.869145270139,0.0,0.0,,,2
M,1,50,25,2,2,6,high,alns_pinn_full,kmeans,3,uav_count,4,,M50_P25_seed6_high_uav_count4_kmeans25,not_milp,not_milp,False,not_milp,1250,146,0.8832,70,,0.0,0.0,0.0,0.0,0.0,True,0.25,True,67.0,15.0,33.0,13.0,101.0,50.0,900.0,29.0,18.0,12.0,27.0,14.0,35.0,36.0,12.0,17.0,459.458898,576.311306,2425.320977,0.0,0.0,119.053506,1.0,1.0,50,1.0,0,0.093184,10664.84309227014,0.0,0.0,,,4
M,1,50,25,2,2,6,high,alns_pinn_full,kmeans,3,uav_count,6,,M50_P25_seed6_high_uav_count6_kmeans25,not_milp,not_milp,False,not_milp,1250,146,0.8832,70,,0.0,0.0,0.0,0.0,0.0,True,0.25,True,67.0,15.0,33.0,13.0,101.0,50.0,900.0,29.0,18.0,12.0,27.0,14.0,35.0,36.0,12.0,17.0,459.458898,576.311306,2425.320977,0.0,0.0,119.053506,1.0,1.0,50,1.0,0,0.130494,10664.84309227014,0.0,0.0,,,6
M,1,50,25,2,2,6,high,alns_pinn_full,direct,3,candidate_mode,direct,,M50_P25_seed6_high,not_milp,not_milp,False,not_milp,1250,1250,0.0,64,,0.0,0.0,0.0,0.0,0.0,True,0.25,True,76.0,19.0,24.0,10.0,101.0,50.0,900.0,21.0,21.0,26.0,19.0,13.0,30.0,40.0,10.0,20.0,462.425458,556.776823,2773.776694,0.0,0.0,123.849606,0.916667,0.916667,50,1.0,0,0.085915,11033.43322243014,0.0,0.0,,,
M,1,50,25,2,2,6,high,alns_pinn_full,kmeans,3,candidate_mode,kmeans,,M50_P25_seed6_high_kmeans25,not_milp,not_milp,False,not_milp,1250,146,0.8832,70,,0.0,0.0,0.0,0.0,0.0,True,0.25,True,67.0,15.0,33.0,13.0,101.0,50.0,900.0,29.0,18.0,12.0,27.0,14.0,35.0,36.0,12.0,17.0,459.458898,576.311306,2425.320977,0.0,0.0,119.053506,1.0,1.0,50,1.0,0,0.08685,10664.84309227014,0.0,0.0,,,
M,1,50,25,2,2,6,high,alns_pinn_full,dbscan,3,candidate_mode,dbscan,,M50_P25_seed6_high_dbscan3,not_milp,not_milp,False,not_milp,150,68,0.546667,9,,0.0,0.0,0.0,0.0,0.0,True,0.25,True,74.0,11.0,26.0,11.0,101.0,50.0,900.0,25.0,16.0,25.0,16.0,18.0,45.0,29.0,14.0,12.0,456.414185,150.458808,9548.30063,0.74,0.74,114.28055,0.583333,0.166667,50,1.0,2655.6337,0.027975,9743.357803510138,0.0,0.0,,,
M,1,50,25,2,2,7,high,alns_pinn_full,kmeans,3,quantile_z,1.28,1.28,M50_P25_seed7_high_kmeans25,not_milp,not_milp,False,not_milp,1250,150,0.88,84,,0.0,0.0,0.0,0.0,0.0,True,0.25,True,78.0,23.0,22.0,7.0,101.0,50.0,900.0,28.0,18.0,25.0,14.0,15.0,48.0,27.0,11.0,14.0,433.671346,575.424233,2264.168842,0.0,0.0,115.214577,0.833333,0.833333,50,1.0,0,0.088491,10285.472812591921,0.0,0.0,,,
M,1,50,25,2,2,7,high,alns_pinn_full,kmeans,3,quantile_z,1.645,1.645,M50_P25_seed7_high_kmeans25,not_milp,not_milp,False,not_milp,1250,150,0.88,76,,0.0,0.0,0.0,0.0,0.0,True,0.25,True,77.0,19.0,23.0,7.0,101.0,50.0,900.0,26.0,18.0,24.0,17.0,15.0,43.0,30.0,14.0,13.0,450.677628,615.329967,2264.168842,0.0,0.0,115.458194,0.833333,0.833333,50,1.0,0,0.087744,10409.92192771192,0.0,0.0,,,
M,1,50,25,2,2,7,high,alns_pinn_full,kmeans,3,quantile_z,1.96,1.96,M50_P25_seed7_high_kmeans25,not_milp,not_milp,False,not_milp,1250,148,0.8816,69,,0.0,0.0,0.0,0.0,0.0,True,0.25,True,81.0,21.0,19.0,7.0,101.0,50.0,900.0,32.0,20.0,14.0,14.0,20.0,40.0,36.0,7.0,17.0,456.201476,605.843743,2265.865611,0.0,0.0,118.060408,0.833333,0.833333,50,1.0,0,0.086423,10550.173641791918,0.0,0.0,,,
M,1,50,25,2,2,7,high,alns_pinn_full,kmeans,3,reserve_ratio,0.08,,M50_P25_seed7_high_kmeans25,not_milp,not_milp,False,not_milp,1250,150,0.88,79,,0.0,0.0,0.0,0.0,0.0,True,0.25,True,77.0,19.0,23.0,7.0,101.0,50.0,900.0,26.0,18.0,24.0,17.0,15.0,43.0,30.0,14.0,13.0,450.677628,615.329967,2264.168842,0.0,0.0,115.458194,0.833333,0.833333,50,1.0,0,0.116064,10409.92192771192,0.0,0.0,0.08,,
M,1,50,25,2,2,7,high,alns_pinn_full,kmeans,3,reserve_ratio,0.12,,M50_P25_seed7_high_kmeans25,not_milp,not_milp,False,not_milp,1250,150,0.88,76,,0.0,0.0,0.0,0.0,0.0,True,0.25,True,77.0,19.0,23.0,7.0,101.0,50.0,900.0,26.0,18.0,24.0,17.0,15.0,43.0,30.0,14.0,13.0,450.677628,615.329967,2264.168842,0.0,0.0,115.458194,0.833333,0.833333,50,1.0,0,0.086043,10409.92192771192,0.0,0.0,0.12,,
M,1,50,25,2,2,7,high,alns_pinn_full,kmeans,3,reserve_ratio,0.2,,M50_P25_seed7_high_kmeans25,not_milp,not_milp,False,not_milp,1250,148,0.8816,66,,0.0,0.0,0.0,0.0,0.0,True,0.25,True,81.0,21.0,19.0,7.0,101.0,50.0,900.0,32.0,20.0,14.0,14.0,20.0,40.0,36.0,7.0,17.0,456.201476,605.843743,2265.865611,0.0,0.0,118.060408,0.833333,0.833333,50,1.0,0,0.087754,10540.638885671924,0.0,0.0,0.2,,
M,1,50,25,2,2,7,high,alns_pinn_full,kmeans,3,iteration_budget,50,,M50_P25_seed7_high_kmeans25,not_milp,not_milp,False,not_milp,1250,150,0.88,76,,0.0,0.0,0.0,0.0,0.0,True,0.25,True,36.0,14.0,14.0,7.0,51.0,50.0,450.0,11.0,7.0,15.0,8.0,9.0,23.0,12.0,9.0,6.0,450.677628,615.329967,2264.168842,0.0,0.0,115.458194,0.833333,0.833333,50,1.0,0,0.076539,10409.92192771192,0.0,0.0,,50,
M,1,50,25,2,2,7,high,alns_pinn_full,kmeans,3,iteration_budget,100,,M50_P25_seed7_high_kmeans25,not_milp,not_milp,False,not_milp,1250,150,0.88,76,,0.0,0.0,0.0,0.0,0.0,True,0.25,True,77.0,19.0,23.0,7.0,101.0,50.0,900.0,26.0,18.0,24.0,17.0,15.0,43.0,30.0,14.0,13.0,450.677628,615.329967,2264.168842,0.0,0.0,115.458194,0.833333,0.833333,50,1.0,0,0.108701,10409.92192771192,0.0,0.0,,100,
M,1,50,25,2,2,7,high,alns_pinn_full,kmeans,3,iteration_budget,160,,M50_P25_seed7_high_kmeans25,not_milp,not_milp,False,not_milp,1250,150,0.88,76,,0.0,0.0,0.0,0.0,0.0,True,0.25,True,127.0,21.0,33.0,7.0,161.0,50.0,1440.0,38.0,32.0,34.0,32.0,24.0,65.0,58.0,19.0,18.0,450.677628,615.329967,2264.168842,0.0,0.0,115.458194,0.833333,0.833333,50,1.0,0,0.173708,10409.92192771192,0.0,0.0,,160,
M,1,50,25,2,2,7,high,alns_pinn_full,kmeans,3,uav_count,2,,M50_P25_seed7_high_uav_count2_kmeans25,not_milp,not_milp,False,not_milp,1250,150,0.88,76,,0.0,0.0,0.0,0.0,0.0,True,0.25,True,77.0,19.0,23.0,7.0,101.0,50.0,900.0,26.0,18.0,24.0,17.0,15.0,43.0,30.0,14.0,13.0,488.983494,661.873025,2264.168842,0.0,0.0,139.15955,1.0,1.0,50,1.0,0,0.087307,12187.306164711923,0.0,0.0,,,2
M,1,50,25,2,2,7,high,alns_pinn_full,kmeans,3,uav_count,4,,M50_P25_seed7_high_uav_count4_kmeans25,not_milp,not_milp,False,not_milp,1250,150,0.88,76,,0.0,0.0,0.0,0.0,0.0,True,0.25,True,77.0,19.0,23.0,7.0,101.0,50.0,900.0,26.0,18.0,24.0,17.0,15.0,43.0,30.0,14.0,13.0,450.677628,615.329967,2264.168842,0.0,0.0,115.458194,0.833333,0.833333,50,1.0,0,0.089978,10409.92192771192,0.0,0.0,,,4
M,1,50,25,2,2,7,high,alns_pinn_full,kmeans,3,uav_count,6,,M50_P25_seed7_high_uav_count6_kmeans25,not_milp,not_milp,False,not_milp,1250,150,0.88,76,,0.0,0.0,0.0,0.0,0.0,True,0.25,True,77.0,19.0,23.0,7.0,101.0,50.0,900.0,26.0,18.0,24.0,17.0,15.0,43.0,30.0,14.0,13.0,450.677628,615.329967,2264.168842,0.0,0.0,115.458194,0.833333,0.833333,50,1.0,0,0.096455,10409.92192771192,0.0,0.0,,,6
M,1,50,25,2,2,7,high,alns_pinn_full,direct,3,candidate_mode,direct,,M50_P25_seed7_high,not_milp,not_milp,False,not_milp,1250,1250,0.0,75,,0.0,0.0,0.0,0.0,0.0,True,0.25,True,74.0,10.0,26.0,6.0,101.0,50.0,900.0,24.0,17.0,24.0,17.0,18.0,41.0,31.0,14.0,14.0,504.231568,655.284765,2662.91259,0.0,0.0,132.73294,0.916667,0.916667,50,1.0,0,0.087167,11774.097784671922,0.0,0.0,,,
M,1,50,25,2,2,7,high,alns_pinn_full,kmeans,3,candidate_mode,kmeans,,M50_P25_seed7_high_kmeans25,not_milp,not_milp,False,not_milp,1250,150,0.88,76,,0.0,0.0,0.0,0.0,0.0,True,0.25,True,77.0,19.0,23.0,7.0,101.0,50.0,900.0,26.0,18.0,24.0,17.0,15.0,43.0,30.0,14.0,13.0,450.677628,615.329967,2264.168842,0.0,0.0,115.458194,0.833333,0.833333,50,1.0,0,0.098864,10409.92192771192,0.0,0.0,,,
M,1,50,25,2,2,7,high,alns_pinn_full,dbscan,3,candidate_mode,dbscan,,M50_P25_seed7_high_dbscan3,not_milp,not_milp,False,not_milp,150,68,0.546667,9,,0.0,0.0,0.0,0.0,0.0,True,0.25,True,74.0,13.0,26.0,8.0,101.0,50.0,900.0,20.0,18.0,26.0,16.0,20.0,34.0,37.0,12.0,17.0,485.949097,213.103923,9241.926802,0.77551,0.77551,130.001393,0.75,0.166667,49,1.020408,3373.543,0.0383,11311.853730831926,0.0,0.0,,,
M,1,50,25,2,2,8,high,alns_pinn_full,kmeans,3,quantile_z,1.28,1.28,M50_P25_seed8_high_kmeans25,not_milp,not_milp,False,not_milp,1250,150,0.88,82,,0.0,0.0,0.0,0.0,0.0,True,0.25,True,78.0,11.0,22.0,2.0,101.0,50.0,900.0,16.0,30.0,23.0,12.0,19.0,31.0,41.0,10.0,18.0,442.624445,570.935437,2248.934276,0.0,0.0,124.495585,1.0,1.0,49,1.020408,0,0.136079,10840.763272793343,0.0,0.0,,,
M,1,50,25,2,2,8,high,alns_pinn_full,kmeans,3,quantile_z,1.645,1.645,M50_P25_seed8_high_kmeans25,not_milp,not_milp,False,not_milp,1250,150,0.88,77,,0.0,0.0,0.0,0.0,0.0,True,0.25,True,78.0,15.0,22.0,2.0,101.0,50.0,900.0,22.0,22.0,18.0,24.0,14.0,38.0,36.0,11.0,15.0,433.155332,548.893436,2248.934276,0.0,0.0,124.434861,1.0,1.0,49,1.020408,0,0.178299,10820.06580939334,0.0,0.0,,,
M,1,50,25,2,2,8,high,alns_pinn_full,kmeans,3,quantile_z,1.96,1.96,M50_P25_seed8_high_kmeans25,not_milp,not_milp,False,not_milp,1250,150,0.88,71,,0.0,0.0,0.0,0.0,0.0,True,0.25,True,78.0,18.0,22.0,5.0,101.0,50.0,900.0,21.0,21.0,24.0,17.0,17.0,40.0,34.0,12.0,14.0,433.155332,548.893436,2248.934276,0.0,0.0,124.434861,1.0,1.0,49,1.020408,0,0.098001,10829.157394713342,0.0,0.0,,,
M,1,50,25,2,2,8,high,alns_pinn_full,kmeans,3,reserve_ratio,0.08,,M50_P25_seed8_high_kmeans25,not_milp,not_milp,False,not_milp,1250,150,0.88,79,,0.0,0.0,0.0,0.0,0.0,True,0.25,True,78.0,15.0,22.0,2.0,101.0,50.0,900.0,22.0,22.0,18.0,24.0,14.0,38.0,36.0,11.0,15.0,433.155332,548.893436,2248.934276,0.0,0.0,124.434861,1.0,1.0,49,1.020408,0,0.113693,10820.06580939334,0.0,0.0,0.08,,
M,1,50,25,2,2,8,high,alns_pinn_full,kmeans,3,reserve_ratio,0.12,,M50_P25_seed8_high_kmeans25,not_milp,not_milp,False,not_milp,1250,150,0.88,77,,0.0,0.0,0.0,0.0,0.0,True,0.25,True,78.0,15.0,22.0,2.0,101.0,50.0,900.0,22.0,22.0,18.0,24.0,14.0,38.0,36.0,11.0,15.0,433.155332,548.893436,2248.934276,0.0,0.0,124.434861,1.0,1.0,49,1.020408,0,0.094915,10820.06580939334,0.0,0.0,0.12,,
M,1,50,25,2,2,8,high,alns_pinn_full,kmeans,3,reserve_ratio,0.2,,M50_P25_seed8_high_kmeans25,not_milp,not_milp,False,not_milp,1250,150,0.88,68,,0.0,0.0,0.0,0.0,0.0,True,0.25,True,78.0,15.0,22.0,2.0,101.0,50.0,900.0,22.0,22.0,18.0,24.0,14.0,38.0,36.0,11.0,15.0,435.085363,563.012095,2262.887907,0.0,0.0,124.229964,1.0,1.0,50,1.0,0,0.126078,10766.423806153347,0.0,0.0,0.2,,
M,1,50,25,2,2,8,high,alns_pinn_full,kmeans,3,iteration_budget,50,,M50_P25_seed8_high_kmeans25,not_milp,not_milp,False,not_milp,1250,150,0.88,77,,0.0,0.0,0.0,0.0,0.0,True,0.25,True,42.0,15.0,8.0,2.0,51.0,50.0,450.0,10.0,12.0,11.0,12.0,5.0,22.0,16.0,3.0,9.0,433.155332,548.893436,2248.934276,0.0,0.0,124.434861,1.0,1.0,49,1.020408,0,0.107033,10820.06580939334,0.0,0.0,,50,
M,1,50,25,2,2,8,high,alns_pinn_full,kmeans,3,iteration_budget,100,,M50_P25_seed8_high_kmeans25,not_milp,not_milp,False,not_milp,1250,150,0.88,77,,0.0,0.0,0.0,0.0,0.0,True,0.25,True,78.0,15.0,22.0,2.0,101.0,50.0,900.0,22.0,22.0,18.0,24.0,14.0,38.0,36.0,11.0,15.0,433.155332,548.893436,2248.934276,0.0,0.0,124.434861,1.0,1.0,49,1.020408,0,0.116824,10820.06580939334,0.0,0.0,,100,
M,1,50,25,2,2,8,high,alns_pinn_full,kmeans,3,iteration_budget,160,,M50_P25_seed8_high_kmeans25,not_milp,not_milp,False,not_milp,1250,150,0.88,77,,0.0,0.0,0.0,0.0,0.0,True,0.25,True,126.0,15.0,34.0,2.0,161.0,50.0,1440.0,31.0,32.0,31.0,40.0,26.0,59.0,63.0,19.0,19.0,433.155332,548.893436,2248.934276,0.0,0.0,124.434861,1.0,1.0,49,1.020408,0,0.118389,10820.06580939334,0.0,0.0,,160,
M,1,50,25,2,2,8,high,alns_pinn_full,kmeans,3,uav_count,2,,M50_P25_seed8_high_uav_count2_kmeans25,not_milp,not_milp,False,not_milp,1250,150,0.88,77,,0.0,0.0,0.0,0.0,0.0,True,0.25,True,78.0,15.0,22.0,2.0,101.0,50.0,900.0,22.0,22.0,18.0,24.0,14.0,38.0,36.0,11.0,15.0,444.360279,553.937017,2248.934276,0.0,0.0,128.355921,1.0,1.0,49,1.020408,0,0.085546,11043.680824393346,0.0,0.0,,,2
M,1,50,25,2,2,8,high,alns_pinn_full,kmeans,3,uav_count,4,,M50_P25_seed8_high_uav_count4_kmeans25,not_milp,not_milp,False,not_milp,1250,150,0.88,77,,0.0,0.0,0.0,0.0,0.0,True,0.25,True,78.0,15.0,22.0,2.0,101.0,50.0,900.0,22.0,22.0,18.0,24.0,14.0,38.0,36.0,11.0,15.0,433.155332,548.893436,2248.934276,0.0,0.0,124.434861,1.0,1.0,49,1.020408,0,0.093861,10820.06580939334,0.0,0.0,,,4
M,1,50,25,2,2,8,high,alns_pinn_full,kmeans,3,uav_count,6,,M50_P25_seed8_high_uav_count6_kmeans25,not_milp,not_milp,False,not_milp,1250,150,0.88,77,,0.0,0.0,0.0,0.0,0.0,True,0.25,True,78.0,15.0,22.0,2.0,101.0,50.0,900.0,22.0,22.0,18.0,24.0,14.0,38.0,36.0,11.0,15.0,433.155332,548.893436,2248.934276,0.0,0.0,124.434861,1.0,1.0,49,1.020408,0,0.084204,10820.06580939334,0.0,0.0,,,6
M,1,50,25,2,2,8,high,alns_pinn_full,direct,3,candidate_mode,direct,,M50_P25_seed8_high,not_milp,not_milp,False,not_milp,1250,1250,0.0,69,,0.0,0.0,0.0,0.0,0.0,True,0.25,True,77.0,12.0,23.0,5.0,101.0,50.0,900.0,15.0,28.0,19.0,13.0,25.0,32.0,39.0,11.0,18.0,543.758492,746.941656,2737.172311,0.0,0.0,148.042016,1.0,1.0,50,1.0,0,0.08659,12980.117114073342,0.0,0.0,,,
M,1,50,25,2,2,8,high,alns_pinn_full,kmeans,3,candidate_mode,kmeans,,M50_P25_seed8_high_kmeans25,not_milp,not_milp,False,not_milp,1250,150,0.88,77,,0.0,0.0,0.0,0.0,0.0,True,0.25,True,78.0,15.0,22.0,2.0,101.0,50.0,900.0,22.0,22.0,18.0,24.0,14.0,38.0,36.0,11.0,15.0,433.155332,548.893436,2248.934276,0.0,0.0,124.434861,1.0,1.0,49,1.020408,0,0.158734,10820.06580939334,0.0,0.0,,,
M,1,50,25,2,2,8,high,alns_pinn_full,dbscan,3,candidate_mode,dbscan,,M50_P25_seed8_high_dbscan3,not_milp,not_milp,False,not_milp,150,68,0.546667,9,,0.0,0.0,0.0,0.0,0.0,True,0.25,True,74.0,16.0,26.0,15.0,101.0,50.0,900.0,22.0,26.0,17.0,18.0,17.0,34.0,35.0,13.0,18.0,529.188697,228.411658,9401.681786,0.72,0.72,136.75355,0.666667,0.083333,50,1.0,2738.3738,0.024148,11320.328532833344,0.0,0.0,,,
M,1,50,25,2,2,9,high,alns_pinn_full,kmeans,3,quantile_z,1.28,1.28,M50_P25_seed9_high_kmeans25,not_milp,not_milp,False,not_milp,1250,146,0.8832,79,,0.0,0.0,0.0,0.0,0.0,True,0.25,True,74.0,12.0,26.0,6.0,101.0,50.0,900.0,21.0,13.0,15.0,20.0,31.0,38.0,34.0,14.0,14.0,421.890872,569.984812,2317.140933,0.0,0.0,107.334645,0.916667,0.916667,50,1.0,0,0.096616,10431.962443029184,0.0,0.0,,,
M,1,50,25,2,2,9,high,alns_pinn_full,kmeans,3,quantile_z,1.645,1.645,M50_P25_seed9_high_kmeans25,not_milp,not_milp,False,not_milp,1250,146,0.8832,75,,0.0,0.0,0.0,0.0,0.0,True,0.25,True,74.0,12.0,26.0,6.0,101.0,50.0,900.0,21.0,13.0,15.0,20.0,31.0,38.0,34.0,14.0,14.0,430.879702,587.121777,2317.140933,0.0,0.0,107.684679,0.916667,0.916667,50,1.0,0,0.089348,10529.519600829184,0.0,0.0,,,
M,1,50,25,2,2,9,high,alns_pinn_full,kmeans,3,quantile_z,1.96,1.96,M50_P25_seed9_high_kmeans25,not_milp,not_milp,False,not_milp,1250,146,0.8832,70,,0.0,0.0,0.0,0.0,0.0,True,0.25,True,74.0,12.0,26.0,6.0,101.0,50.0,900.0,21.0,13.0,15.0,20.0,31.0,38.0,34.0,14.0,14.0,431.432141,591.569365,2314.948363,0.02,0.02,107.932786,0.916667,0.916667,50,1.0,56.2697,0.0801,10585.833067949185,0.0,0.0,,,
M,1,50,25,2,2,9,high,alns_pinn_full,kmeans,3,reserve_ratio,0.08,,M50_P25_seed9_high_kmeans25,not_milp,not_milp,False,not_milp,1250,146,0.8832,78,,0.0,0.0,0.0,0.0,0.0,True,0.25,True,74.0,12.0,26.0,6.0,101.0,50.0,900.0,21.0,13.0,15.0,20.0,31.0,38.0,34.0,14.0,14.0,430.879702,587.121777,2317.140933,0.0,0.0,107.684679,0.916667,0.916667,50,1.0,0,0.083776,10529.992400829184,0.0,0.0,0.08,,
M,1,50,25,2,2,9,high,alns_pinn_full,kmeans,3,reserve_ratio,0.12,,M50_P25_seed9_high_kmeans25,not_milp,not_milp,False,not_milp,1250,146,0.8832,75,,0.0,0.0,0.0,0.0,0.0,True,0.25,True,74.0,12.0,26.0,6.0,101.0,50.0,900.0,21.0,13.0,15.0,20.0,31.0,38.0,34.0,14.0,14.0,430.879702,587.121777,2317.140933,0.0,0.0,107.684679,0.916667,0.916667,50,1.0,0,0.084899,10529.519600829184,0.0,0.0,0.12,,
M,1,50,25,2,2,9,high,alns_pinn_full,kmeans,3,reserve_ratio,0.2,,M50_P25_seed9_high_kmeans25,not_milp,not_milp,False,not_milp,1250,146,0.8832,66,,0.0,0.0,0.0,0.0,0.0,True,0.25,True,74.0,12.0,26.0,6.0,101.0,50.0,900.0,21.0,13.0,15.0,20.0,31.0,38.0,34.0,14.0,14.0,429.533745,587.121777,2312.856912,0.04,0.04,107.684679,0.916667,0.916667,50,1.0,112.7431,0.080963,10532.414551229183,0.0,0.0,0.2,,
M,1,50,25,2,2,9,high,alns_pinn_full,kmeans,3,iteration_budget,50,,M50_P25_seed9_high_kmeans25,not_milp,not_milp,False,not_milp,1250,146,0.8832,75,,0.0,0.0,0.0,0.0,0.0,True,0.25,True,39.0,11.0,11.0,6.0,51.0,50.0,450.0,11.0,5.0,6.0,10.0,18.0,19.0,19.0,5.0,7.0,430.879702,587.121777,2317.140933,0.0,0.0,107.684679,0.916667,0.916667,50,1.0,0,0.069694,10529.519600829184,0.0,0.0,,50,
M,1,50,25,2,2,9,high,alns_pinn_full,kmeans,3,iteration_budget,100,,M50_P25_seed9_high_kmeans25,not_milp,not_milp,False,not_milp,1250,146,0.8832,75,,0.0,0.0,0.0,0.0,0.0,True,0.25,True,74.0,12.0,26.0,6.0,101.0,50.0,900.0,21.0,13.0,15.0,20.0,31.0,38.0,34.0,14.0,14.0,430.879702,587.121777,2317.140933,0.0,0.0,107.684679,0.916667,0.916667,50,1.0,0,0.08677,10529.519600829184,0.0,0.0,,100,
M,1,50,25,2,2,9,high,alns_pinn_full,kmeans,3,iteration_budget,160,,M50_P25_seed9_high_kmeans25,not_milp,not_milp,False,not_milp,1250,146,0.8832,75,,0.0,0.0,0.0,0.0,0.0,True,0.25,True,125.0,14.0,35.0,6.0,161.0,50.0,1440.0,32.0,26.0,27.0,29.0,46.0,65.0,56.0,15.0,24.0,430.879702,587.121777,2317.140933,0.0,0.0,107.684679,0.916667,0.916667,50,1.0,0,0.10857,10529.519600829184,0.0,0.0,,160,
M,1,50,25,2,2,9,high,alns_pinn_full,kmeans,3,uav_count,2,,M50_P25_seed9_high_uav_count2_kmeans25,not_milp,not_milp,False,not_milp,1250,146,0.8832,75,,0.0,0.0,0.0,0.0,0.0,True,0.25,True,74.0,12.0,26.0,6.0,101.0,50.0,900.0,21.0,13.0,15.0,20.0,31.0,38.0,34.0,14.0,14.0,479.793432,639.091506,2317.140933,0.0,0.0,114.889642,0.916667,0.916667,50,1.0,0,0.16716,11423.360915829186,0.0,0.0,,,2
M,1,50,25,2,2,9,high,alns_pinn_full,kmeans,3,uav_count,4,,M50_P25_seed9_high_uav_count4_kmeans25,not_milp,not_milp,False,not_milp,1250,146,0.8832,75,,0.0,0.0,0.0,0.0,0.0,True,0.25,True,74.0,12.0,26.0,6.0,101.0,50.0,900.0,21.0,13.0,15.0,20.0,31.0,38.0,34.0,14.0,14.0,430.879702,587.121777,2317.140933,0.0,0.0,107.684679,0.916667,0.916667,50,1.0,0,0.123406,10529.519600829184,0.0,0.0,,,4
M,1,50,25,2,2,9,high,alns_pinn_full,kmeans,3,uav_count,6,,M50_P25_seed9_high_uav_count6_kmeans25,not_milp,not_milp,False,not_milp,1250,146,0.8832,75,,0.0,0.0,0.0,0.0,0.0,True,0.25,True,74.0,12.0,26.0,6.0,101.0,50.0,900.0,21.0,13.0,15.0,20.0,31.0,38.0,34.0,14.0,14.0,430.879702,587.121777,2317.140933,0.0,0.0,107.684679,0.916667,0.916667,50,1.0,0,0.101036,10529.519600829184,0.0,0.0,,,6
M,1,50,25,2,2,9,high,alns_pinn_full,direct,3,candidate_mode,direct,,M50_P25_seed9_high,not_milp,not_milp,False,not_milp,1250,1250,0.0,73,,0.0,0.0,0.0,0.0,0.0,True,0.25,True,79.0,26.0,21.0,4.0,101.0,50.0,900.0,28.0,15.0,23.0,12.0,22.0,37.0,37.0,9.0,17.0,486.790144,646.926679,2690.724668,0.0,0.0,115.975661,1.0,1.0,50,1.0,0,0.086646,11408.227328749184,0.0,0.0,,,
M,1,50,25,2,2,9,high,alns_pinn_full,kmeans,3,candidate_mode,kmeans,,M50_P25_seed9_high_kmeans25,not_milp,not_milp,False,not_milp,1250,146,0.8832,75,,0.0,0.0,0.0,0.0,0.0,True,0.25,True,74.0,12.0,26.0,6.0,101.0,50.0,900.0,21.0,13.0,15.0,20.0,31.0,38.0,34.0,14.0,14.0,430.879702,587.121777,2317.140933,0.0,0.0,107.684679,0.916667,0.916667,50,1.0,0,0.099999,10529.519600829184,0.0,0.0,,,
M,1,50,25,2,2,9,high,alns_pinn_full,dbscan,3,candidate_mode,dbscan,,M50_P25_seed9_high_dbscan3,not_milp,not_milp,False,not_milp,150,70,0.533333,10,,0.0,0.0,0.0,0.0,0.0,True,0.25,True,72.0,15.0,28.0,15.0,101.0,50.0,900.0,27.0,18.0,14.0,19.0,22.0,38.0,31.0,10.0,21.0,466.387279,168.806598,9306.869178,0.72,0.72,98.733714,0.833333,0.416667,50,1.0,2886.3266,0.02738,9490.377829949184,0.0,0.0,,,
