size,variant_index,tower_count,stop_count,vehicle_count,uavs_per_vehicle,seed,uncertainty,method,scenario_id,milp_status,makespan,total_vehicle_distance,expected_energy,energy_violation_rate,infeasible_sortie_rate,risk_weighted_completion_time,top_risk_coverage,missed_value,solver_runtime,objective_value,milp_gap,optimality_gap_pct
M,0,30,15,2,2,0,medium,greedy_nearest,M30_P15_seed0_medium,not_milp,72.238812,277.682954,1646.537469,0.0,0.0,36200.67601,0.142857,0,0.000519,859.3001713632,0.0,0.0
M,0,30,15,2,2,0,medium,ga,M30_P15_seed0_medium,not_milp,71.677536,204.845592,1646.537469,0.0,0.0,22485.089931,0.714286,0,0.001976,991.8896143631999,0.0,0.0
M,0,30,15,2,2,0,medium,aco,M30_P15_seed0_medium,not_milp,71.607958,277.330739,1646.537469,0.0,0.0,28408.146995,0.428571,0,0.001927,896.8545163632,0.0,0.0
M,0,30,15,2,2,0,medium,alns_fixed,M30_P15_seed0_medium,not_milp,72.238812,277.682954,1646.537469,0.0,0.0,36200.67601,0.142857,0,0.00138,859.3001713632,0.0,0.0
M,0,30,15,2,2,0,medium,alns_pinn,M30_P15_seed0_medium,not_milp,70.615073,203.099781,1646.537469,0.0,0.0,22481.814142,0.714286,0,0.002261,990.8271513631998,0.0,0.0
M,0,30,15,2,2,0,medium,alns_pinn_uq,M30_P15_seed0_medium,not_milp,71.069521,207.275484,1646.537469,0.0,0.0,22492.396179,0.714286,0,0.002109,992.6650123631998,0.0,0.0
M,0,30,15,2,2,0,medium,alns_pinn_full,M30_P15_seed0_medium,not_milp,70.92235,227.429009,1646.537469,0.0,0.0,22473.802242,0.714286,0,0.001883,996.7345233632001,0.0,0.0
M,0,30,15,2,2,1,medium,greedy_nearest,M30_P15_seed1_medium,not_milp,66.623553,296.819613,1514.957257,0.0,0.0,34191.922537,0.0,0,0.000484,814.2630319855999,0.0,0.0
M,0,30,15,2,2,1,medium,ga,M30_P15_seed1_medium,not_milp,68.554099,281.058837,1514.957257,0.0,0.0,18934.741792,1.0,0,0.002051,916.0583369855999,0.0,0.0
M,0,30,15,2,2,1,medium,aco,M30_P15_seed1_medium,not_milp,69.553266,243.733094,1514.957257,0.0,0.0,22184.774517,0.428571,0,0.001888,832.7542719856,0.0,0.0
M,0,30,15,2,2,1,medium,alns_fixed,M30_P15_seed1_medium,not_milp,66.623553,296.819613,1514.957257,0.0,0.0,34191.922537,0.0,0,0.000825,814.2630319855999,0.0,0.0
M,0,30,15,2,2,1,medium,alns_pinn,M30_P15_seed1_medium,not_milp,68.554099,281.058837,1514.957257,0.0,0.0,18934.741792,1.0,0,0.002459,916.0583369855999,0.0,0.0
M,0,30,15,2,2,1,medium,alns_pinn_uq,M30_P15_seed1_medium,not_milp,68.554099,281.058837,1514.957257,0.0,0.0,18934.741792,1.0,0,0.002153,916.0583369855999,0.0,0.0
M,0,30,15,2,2,1,medium,alns_pinn_full,M30_P15_seed1_medium,not_milp,68.977064,303.869136,1514.957257,0.0,0.0,18881.056066,1.0,0,0.001855,917.6434859856,0.0,0.0
M,0,30,15,2,2,2,medium,greedy_nearest,M30_P15_seed2_medium,not_milp,70.918342,291.130246,1545.986663,0.0,0.0,30745.861088,0.142857,0,0.000471,844.1410677296001,0.0,0.0
M,0,30,15,2,2,2,medium,ga,M30_P15_seed2_medium,not_milp,72.251684,288.629052,1545.986663,0.0,0.0,20863.888003,0.857143,0,0.002294,992.0984197296001,0.0,0.0
M,0,30,15,2,2,2,medium,aco,M30_P15_seed2_medium,not_milp,72.971193,261.83697,1545.986663,0.0,0.0,24022.441635,0.428571,0,0.002083,871.4052667296002,0.0,0.0
M,0,30,15,2,2,2,medium,alns_fixed,M30_P15_seed2_medium,not_milp,70.918342,291.130246,1545.986663,0.0,0.0,30745.861088,0.142857,0,0.000788,844.1410677296001,0.0,0.0
M,0,30,15,2,2,2,medium,alns_pinn,M30_P15_seed2_medium,not_milp,71.918893,289.163371,1545.986663,0.0,0.0,20843.211757,0.857143,0,0.002382,991.7656287295999,0.0,0.0
M,0,30,15,2,2,2,medium,alns_pinn_uq,M30_P15_seed2_medium,not_milp,71.918893,289.163371,1545.986663,0.0,0.0,20843.211757,0.857143,0,0.002115,991.7656287295999,0.0,0.0
M,0,30,15,2,2,2,medium,alns_pinn_full,M30_P15_seed2_medium,not_milp,71.305348,258.539235,1545.986663,0.0,0.0,20681.565589,0.857143,0,0.001895,991.2669297296,0.0,0.0
M,0,30,15,2,2,3,medium,greedy_nearest,M30_P15_seed3_medium,not_milp,76.880247,258.769593,1670.170093,0.0,0.0,37756.168013,0.0,0,0.000555,932.6336775248001,0.0,0.0
M,0,30,15,2,2,3,medium,ga,M30_P15_seed3_medium,not_milp,72.543379,307.160033,1662.256592,0.0,0.0,21908.037518,0.857143,0,0.002229,1010.5911883247999,0.0,0.0
M,0,30,15,2,2,3,medium,aco,M30_P15_seed3_medium,not_milp,74.613658,280.226692,1662.256592,0.0,0.0,26257.334638,0.428571,0,0.001948,957.2795783247999,0.0,0.0
M,0,30,15,2,2,3,medium,alns_fixed,M30_P15_seed3_medium,not_milp,76.880247,258.769593,1670.170093,0.0,0.0,37756.168013,0.0,0,0.000823,932.6336775248001,0.0,0.0
M,0,30,15,2,2,3,medium,alns_pinn,M30_P15_seed3_medium,not_milp,72.543379,269.809519,1662.256592,0.0,0.0,21908.246911,0.857143,0,0.00216,1010.5911883248,0.0,0.0
M,0,30,15,2,2,3,medium,alns_pinn_uq,M30_P15_seed3_medium,not_milp,72.543379,269.809519,1662.256592,0.0,0.0,21908.246911,0.857143,0,0.002573,1010.5911883248,0.0,0.0
M,0,30,15,2,2,3,medium,alns_pinn_full,M30_P15_seed3_medium,not_milp,71.647618,252.306489,1662.256592,0.0,0.0,21934.322904,0.857143,0,0.001901,1010.6182003248,0.0,0.0
M,0,30,15,2,2,4,medium,greedy_nearest,M30_P15_seed4_medium,not_milp,73.205053,321.563281,1624.01676,0.0,0.0,39296.407335,0.0,0,0.000489,824.3913772736,0.0,0.0
M,0,30,15,2,2,4,medium,ga,M30_P15_seed4_medium,not_milp,71.734666,259.945213,1622.78259,0.0,0.0,26016.548922,0.714286,0,0.002086,955.5771607536001,0.0,0.0
M,0,30,15,2,2,4,medium,aco,M30_P15_seed4_medium,not_milp,71.78622,255.744567,1622.78259,0.0,0.0,31647.161749,0.285714,0,0.001952,874.2391017535998,0.0,0.0
M,0,30,15,2,2,4,medium,alns_fixed,M30_P15_seed4_medium,not_milp,73.205053,321.563281,1624.01676,0.0,0.0,39296.407335,0.0,0,0.000793,824.3913772736,0.0,0.0
M,0,30,15,2,2,4,medium,alns_pinn,M30_P15_seed4_medium,not_milp,71.896638,278.661995,1622.78259,0.0,0.0,26024.005888,0.714286,0,0.002052,956.3897457536,0.0,0.0
M,0,30,15,2,2,4,medium,alns_pinn_uq,M30_P15_seed4_medium,not_milp,71.896638,278.661995,1622.78259,0.0,0.0,26024.005888,0.714286,0,0.002658,956.3897457536,0.0,0.0
M,0,30,15,2,2,4,medium,alns_pinn_full,M30_P15_seed4_medium,not_milp,70.94674,296.095379,1622.78259,0.0,0.0,26137.642003,0.714286,0,0.003118,960.5465897536,0.0,0.0
M,0,30,15,2,2,5,medium,greedy_nearest,M30_P15_seed5_medium,not_milp,69.019175,292.569063,1633.618456,0.0,0.0,47194.074874,0.285714,0,0.000536,804.9861504512,0.0,0.0
M,0,30,15,2,2,5,medium,ga,M30_P15_seed5_medium,not_milp,73.028186,249.600908,1633.618456,0.0,0.0,27427.158331,0.857143,0,0.002029,863.8287734512,0.0,0.0
M,0,30,15,2,2,5,medium,aco,M30_P15_seed5_medium,not_milp,72.144491,261.655691,1633.618456,0.0,0.0,31587.332823,0.428571,0,0.001798,812.9233194512001,0.0,0.0
M,0,30,15,2,2,5,medium,alns_fixed,M30_P15_seed5_medium,not_milp,69.019175,292.569063,1633.618456,0.0,0.0,47194.074874,0.285714,0,0.000773,804.9861504512,0.0,0.0
M,0,30,15,2,2,5,medium,alns_pinn,M30_P15_seed5_medium,not_milp,72.314545,238.909495,1633.618456,0.0,0.0,27441.092684,0.857143,0,0.002069,864.7392434512001,0.0,0.0
M,0,30,15,2,2,5,medium,alns_pinn_uq,M30_P15_seed5_medium,not_milp,72.314545,238.909495,1633.618456,0.0,0.0,27441.092684,0.857143,0,0.002121,864.7392434512001,0.0,0.0
M,0,30,15,2,2,5,medium,alns_pinn_full,M30_P15_seed5_medium,not_milp,69.449216,285.024779,1633.618456,0.0,0.0,27272.221199,0.857143,0,0.002214,862.5760274511999,0.0,0.0
M,0,30,15,2,2,6,medium,greedy_nearest,M30_P15_seed6_medium,not_milp,71.871483,283.585991,1695.674359,0.0,0.0,35583.506102,0.285714,0,0.000514,890.9957505640001,0.0,0.0
M,0,30,15,2,2,6,medium,ga,M30_P15_seed6_medium,not_milp,72.192115,292.242134,1695.498641,0.0,0.0,21254.077701,0.714286,0,0.001992,944.4843245239999,0.0,0.0
M,0,30,15,2,2,6,medium,aco,M30_P15_seed6_medium,not_milp,72.849729,283.731184,1695.498641,0.0,0.0,24938.905861,0.428571,0,0.001778,898.1966935239999,0.0,0.0
M,0,30,15,2,2,6,medium,alns_fixed,M30_P15_seed6_medium,not_milp,71.871483,283.585991,1695.674359,0.0,0.0,35583.506102,0.285714,0,0.00078,890.9957505640001,0.0,0.0
M,0,30,15,2,2,6,medium,alns_pinn,M30_P15_seed6_medium,not_milp,72.775699,275.577285,1695.498641,0.0,0.0,21254.851551,0.714286,0,0.002044,945.0679085239999,0.0,0.0
M,0,30,15,2,2,6,medium,alns_pinn_uq,M30_P15_seed6_medium,not_milp,72.775699,275.577285,1695.498641,0.0,0.0,21254.851551,0.714286,0,0.002067,945.0679085239999,0.0,0.0
M,0,30,15,2,2,6,medium,alns_pinn_full,M30_P15_seed6_medium,not_milp,72.821679,306.399414,1695.498641,0.0,0.0,21189.899819,0.857143,0,0.00189,947.3494105240001,0.0,0.0
M,0,30,15,2,2,7,medium,greedy_nearest,M30_P15_seed7_medium,not_milp,72.36699,260.633546,1512.21834,0.0,0.0,34017.374598,0.142857,0,0.000623,825.4937855024,0.0,0.0
M,0,30,15,2,2,7,medium,ga,M30_P15_seed7_medium,not_milp,73.035858,266.355119,1512.21834,0.0,0.0,20464.858844,0.857143,0,0.002207,916.7702055024,0.0,0.0
M,0,30,15,2,2,7,medium,aco,M30_P15_seed7_medium,not_milp,71.662038,317.293045,1512.21834,0.0,0.0,26403.733492,0.285714,0,0.00181,836.9645625024,0.0,0.0
M,0,30,15,2,2,7,medium,alns_fixed,M30_P15_seed7_medium,not_milp,72.36699,260.633546,1512.21834,0.0,0.0,34017.374598,0.142857,0,0.000783,825.4937855024,0.0,0.0
M,0,30,15,2,2,7,medium,alns_pinn,M30_P15_seed7_medium,not_milp,73.035858,254.918826,1512.21834,0.0,0.0,20519.058991,0.857143,0,0.002048,917.2717585024,0.0,0.0
M,0,30,15,2,2,7,medium,alns_pinn_uq,M30_P15_seed7_medium,not_milp,70.744252,252.843308,1512.21834,0.0,0.0,20526.641847,0.857143,0,0.002055,917.2717585024,0.0,0.0
M,0,30,15,2,2,7,medium,alns_pinn_full,M30_P15_seed7_medium,not_milp,72.157863,282.306586,1512.21834,0.0,0.0,20501.715608,0.857143,0,0.001878,919.5423075024001,0.0,0.0
M,0,30,15,2,2,8,medium,greedy_nearest,M30_P15_seed8_medium,not_milp,68.428012,315.50972,1635.807858,0.0,0.0,31336.08583,0.285714,0,0.000607,820.0813068424001,0.0,0.0
M,0,30,15,2,2,8,medium,ga,M30_P15_seed8_medium,not_milp,68.318466,280.916348,1626.494409,0.0,0.0,21205.832714,1.0,0,0.003002,923.0850278424001,0.0,0.0
M,0,30,15,2,2,8,medium,aco,M30_P15_seed8_medium,not_milp,67.981865,304.381958,1626.494409,0.0,0.0,24627.756058,0.428571,0,0.002189,857.2638718423999,0.0,0.0
M,0,30,15,2,2,8,medium,alns_fixed,M30_P15_seed8_medium,not_milp,68.428012,315.50972,1635.807858,0.0,0.0,31336.08583,0.285714,0,0.000782,820.0813068424001,0.0,0.0
M,0,30,15,2,2,8,medium,alns_pinn,M30_P15_seed8_medium,not_milp,68.318466,280.916348,1626.494409,0.0,0.0,21205.832714,1.0,0,0.002068,923.0850278424001,0.0,0.0
M,0,30,15,2,2,8,medium,alns_pinn_uq,M30_P15_seed8_medium,not_milp,68.318466,278.453426,1626.494409,0.0,0.0,21205.500949,1.0,0,0.002097,923.0850278424,0.0,0.0
M,0,30,15,2,2,8,medium,alns_pinn_full,M30_P15_seed8_medium,not_milp,68.184331,284.333114,1626.494409,0.0,0.0,21129.366067,1.0,0,0.001855,924.1012878424001,0.0,0.0
M,0,30,15,2,2,9,medium,greedy_nearest,M30_P15_seed9_medium,not_milp,73.875929,300.979398,1649.365926,0.0,0.0,30684.301777,0.142857,0,0.000474,884.4157023855998,0.0,0.0
M,0,30,15,2,2,9,medium,ga,M30_P15_seed9_medium,not_milp,76.655614,259.807416,1645.508832,0.0,0.0,17839.184685,0.857143,0,0.002023,1017.3601749456,0.0,0.0
M,0,30,15,2,2,9,medium,aco,M30_P15_seed9_medium,not_milp,75.256646,306.451506,1645.508832,0.0,0.0,23857.096628,0.428571,0,0.001765,908.9021269456,0.0,0.0
M,0,30,15,2,2,9,medium,alns_fixed,M30_P15_seed9_medium,not_milp,73.875929,300.979398,1649.365926,0.0,0.0,30684.301777,0.142857,0,0.000767,884.4157023855998,0.0,0.0
M,0,30,15,2,2,9,medium,alns_pinn,M30_P15_seed9_medium,not_milp,77.365483,259.627564,1645.508832,0.0,0.0,17840.090941,0.857143,0,0.002029,1018.0700439456,0.0,0.0
M,0,30,15,2,2,9,medium,alns_pinn_uq,M30_P15_seed9_medium,not_milp,77.365483,259.627564,1645.508832,0.0,0.0,17840.090941,0.857143,0,0.002113,1018.0700439456,0.0,0.0
M,0,30,15,2,2,9,medium,alns_pinn_full,M30_P15_seed9_medium,not_milp,75.228169,292.406471,1645.508832,0.0,0.0,17702.195802,1.0,0,0.002016,1018.3371869456,0.0,0.0
M,1,50,25,2,2,0,medium,greedy_nearest,M50_P25_seed0_medium,not_milp,120.249981,586.723422,2611.341785,0.02,0.02,100459.043177,0.25,0,0.00109,2426.8780270624,0.0,0.0
M,1,50,25,2,2,0,medium,ga,M50_P25_seed0_medium,not_milp,113.654702,570.501634,2611.164352,0.02,0.02,65952.17542,0.833333,0,0.005676,2758.9184686624,0.0,0.0
M,1,50,25,2,2,0,medium,aco,M50_P25_seed0_medium,not_milp,114.955132,603.059898,2611.164352,0.02,0.02,75482.435179,0.5,0,0.004909,2554.4020946624,0.0,0.0
M,1,50,25,2,2,0,medium,alns_fixed,M50_P25_seed0_medium,not_milp,120.249981,586.723422,2611.341785,0.02,0.02,100459.043177,0.25,0,0.001567,2426.8780270624,0.0,0.0
M,1,50,25,2,2,0,medium,alns_pinn,M50_P25_seed0_medium,not_milp,113.816391,605.971567,2611.164352,0.02,0.02,66000.284047,0.833333,0,0.00525,2762.9610136624,0.0,0.0
M,1,50,25,2,2,0,medium,alns_pinn_uq,M50_P25_seed0_medium,not_milp,113.816391,605.971567,2613.45621,0.0,0.0,66097.971479,0.833333,0,0.00602,2768.9205261424,0.0,0.0
M,1,50,25,2,2,0,medium,alns_pinn_full,M50_P25_seed0_medium,not_milp,113.700787,584.29048,2613.45621,0.0,0.0,65806.846161,0.916667,0,0.004835,2776.7415751423996,0.0,0.0
M,1,50,25,2,2,1,medium,greedy_nearest,M50_P25_seed1_medium,not_milp,116.05345,658.817334,2594.250278,0.0,0.0,84572.146318,0.25,0,0.001022,2371.250867412,0.0,0.0
M,1,50,25,2,2,1,medium,ga,M50_P25_seed1_medium,not_milp,117.063022,638.997046,2594.250278,0.0,0.0,62045.602578,0.833333,0,0.005386,2577.6998454120003,0.0,0.0
M,1,50,25,2,2,1,medium,aco,M50_P25_seed1_medium,not_milp,116.842827,706.589102,2594.250278,0.0,0.0,67947.618871,0.416667,0,0.004798,2431.9868034120004,0.0,0.0
M,1,50,25,2,2,1,medium,alns_fixed,M50_P25_seed1_medium,not_milp,116.05345,658.817334,2594.250278,0.0,0.0,84572.146318,0.25,0,0.001478,2371.250867412,0.0,0.0
M,1,50,25,2,2,1,medium,alns_pinn,M50_P25_seed1_medium,not_milp,117.160837,673.689032,2594.250278,0.0,0.0,62104.189887,0.833333,0,0.006256,2581.1478684119998,0.0,0.0
M,1,50,25,2,2,1,medium,alns_pinn_uq,M50_P25_seed1_medium,not_milp,117.016915,687.039513,2594.250278,0.0,0.0,62101.779046,0.833333,0,0.005236,2581.003946412,0.0,0.0
M,1,50,25,2,2,1,medium,alns_pinn_full,M50_P25_seed1_medium,not_milp,116.812938,614.423226,2594.250278,0.0,0.0,61317.102405,0.833333,0,0.005287,2580.0411094120004,0.0,0.0
M,1,50,25,2,2,2,medium,greedy_nearest,M50_P25_seed2_medium,not_milp,115.467982,660.249327,2709.039785,0.0,0.0,71006.93996,0.333333,0,0.001189,2505.130821529601,0.0,0.0
M,1,50,25,2,2,2,medium,ga,M50_P25_seed2_medium,not_milp,117.389507,654.73998,2704.883149,0.0,0.0,44419.300045,0.75,0,0.00873,2693.2790596096,0.0,0.0
M,1,50,25,2,2,2,medium,aco,M50_P25_seed2_medium,not_milp,116.778265,671.350816,2704.883149,0.0,0.0,51259.799244,0.5,0,0.004938,2502.9105446096,0.0,0.0
M,1,50,25,2,2,2,medium,alns_fixed,M50_P25_seed2_medium,not_milp,115.467982,660.249327,2709.039785,0.0,0.0,71006.93996,0.333333,0,0.001985,2505.130821529601,0.0,0.0
M,1,50,25,2,2,2,medium,alns_pinn,M50_P25_seed2_medium,not_milp,117.1433,620.381722,2704.883149,0.0,0.0,44444.440252,0.75,0,0.005476,2697.4202636096,0.0,0.0
M,1,50,25,2,2,2,medium,alns_pinn_uq,M50_P25_seed2_medium,not_milp,116.986285,654.881902,2704.883149,0.0,0.0,44434.611267,0.75,0,0.005323,2697.2634066095998,0.0,0.0
M,1,50,25,2,2,2,medium,alns_pinn_full,M50_P25_seed2_medium,not_milp,116.313554,638.476888,2704.883149,0.0,0.0,43774.91672,0.916667,0,0.005338,2696.9647706096002,0.0,0.0
M,1,50,25,2,2,3,medium,greedy_nearest,M50_P25_seed3_medium,not_milp,120.827549,613.91066,2606.509736,0.0,0.0,84764.533131,0.166667,0,0.001065,2486.187757548,0.0,0.0
M,1,50,25,2,2,3,medium,ga,M50_P25_seed3_medium,not_milp,117.668988,640.497298,2606.509736,0.0,0.0,62998.924686,0.916667,0,0.004826,2791.8844765480003,0.0,0.0
M,1,50,25,2,2,3,medium,aco,M50_P25_seed3_medium,not_milp,119.073813,587.005917,2606.509736,0.0,0.0,68799.478399,0.416667,0,0.004553,2555.966195548,0.0,0.0
M,1,50,25,2,2,3,medium,alns_fixed,M50_P25_seed3_medium,not_milp,120.827549,613.91066,2606.509736,0.0,0.0,84764.533131,0.166667,0,0.002087,2486.187757548,0.0,0.0
M,1,50,25,2,2,3,medium,alns_pinn,M50_P25_seed3_medium,not_milp,118.882921,628.583242,2606.509736,0.0,0.0,63118.048939,0.833333,0,0.006108,2795.676501548,0.0,0.0
M,1,50,25,2,2,3,medium,alns_pinn_uq,M50_P25_seed3_medium,not_milp,118.92042,612.002472,2606.509736,0.0,0.0,63117.378836,0.833333,0,0.005039,2795.6390025479996,0.0,0.0
M,1,50,25,2,2,3,medium,alns_pinn_full,M50_P25_seed3_medium,not_milp,118.802796,643.872411,2606.509736,0.0,0.0,62678.005341,0.916667,0,0.005894,2799.430404548,0.0,0.0
M,1,50,25,2,2,4,medium,greedy_nearest,M50_P25_seed4_medium,not_milp,121.139077,623.724824,2754.487619,0.0,0.0,85440.930562,0.25,0,0.001058,2460.093761696801,0.0,0.0
M,1,50,25,2,2,4,medium,ga,M50_P25_seed4_medium,not_milp,118.349821,572.254678,2754.487619,0.0,0.0,55248.914903,0.916667,0,0.004866,2602.6619786968,0.0,0.0
M,1,50,25,2,2,4,medium,aco,M50_P25_seed4_medium,not_milp,120.03508,662.801938,2754.487619,0.0,0.0,61837.662791,0.5,0,0.005179,2472.5729986967995,0.0,0.0
M,1,50,25,2,2,4,medium,alns_fixed,M50_P25_seed4_medium,not_milp,121.139077,623.724824,2754.487619,0.0,0.0,85440.930562,0.25,0,0.001605,2460.093761696801,0.0,0.0
M,1,50,25,2,2,4,medium,alns_pinn,M50_P25_seed4_medium,not_milp,118.451026,623.10326,2754.487619,0.0,0.0,55250.809029,0.916667,0,0.005285,2602.8643886968002,0.0,0.0
M,1,50,25,2,2,4,medium,alns_pinn_uq,M50_P25_seed4_medium,not_milp,115.784882,588.502909,2754.487619,0.0,0.0,55248.590244,0.916667,0,0.006241,2602.0413616968,0.0,0.0
M,1,50,25,2,2,4,medium,alns_pinn_full,M50_P25_seed4_medium,not_milp,115.418826,561.040741,2754.487619,0.0,0.0,54899.483143,1.0,0,0.005157,2601.2450106967995,0.0,0.0
M,1,50,25,2,2,5,medium,greedy_nearest,M50_P25_seed5_medium,not_milp,114.801279,617.876788,2501.335975,0.0,0.0,86735.842716,0.083333,0,0.00114,2327.3418000216,0.0,0.0
M,1,50,25,2,2,5,medium,ga,M50_P25_seed5_medium,not_milp,115.193666,571.924449,2499.210594,0.0,0.0,62111.437664,0.666667,0,0.00524,2521.5766735816,0.0,0.0
M,1,50,25,2,2,5,medium,aco,M50_P25_seed5_medium,not_milp,115.892249,635.134618,2499.210594,0.0,0.0,73373.516367,0.333333,0,0.004946,2359.2013815816,0.0,0.0
M,1,50,25,2,2,5,medium,alns_fixed,M50_P25_seed5_medium,not_milp,114.801279,617.876788,2501.335975,0.0,0.0,86735.842716,0.083333,0,0.001444,2327.3418000216,0.0,0.0
M,1,50,25,2,2,5,medium,alns_pinn,M50_P25_seed5_medium,not_milp,116.71915,573.120518,2499.210594,0.0,0.0,62062.223194,0.666667,0,0.005239,2526.3478855815997,0.0,0.0
M,1,50,25,2,2,5,medium,alns_pinn_uq,M50_P25_seed5_medium,not_milp,117.224029,541.877681,2499.210594,0.0,0.0,62095.059644,0.666667,0,0.005239,2526.5297295816,0.0,0.0
M,1,50,25,2,2,5,medium,alns_pinn_full,M50_P25_seed5_medium,not_milp,115.963562,620.846206,2499.210594,0.0,0.0,61883.19868,0.833333,0,0.005026,2535.7009785815994,0.0,0.0
M,1,50,25,2,2,6,medium,greedy_nearest,M50_P25_seed6_medium,not_milp,120.318069,591.229756,2799.03563,0.02,0.02,70476.015308,0.333333,0,0.001021,2550.720656759999,0.0,0.0
M,1,50,25,2,2,6,medium,ga,M50_P25_seed6_medium,not_milp,121.612937,588.53769,2793.404153,0.02,0.02,45560.883712,0.916667,0,0.004768,2842.7970456399994,0.0,0.0
M,1,50,25,2,2,6,medium,aco,M50_P25_seed6_medium,not_milp,122.854432,606.611812,2793.404153,0.02,0.02,52255.953997,0.5,0,0.005509,2611.28962264,0.0,0.0
M,1,50,25,2,2,6,medium,alns_fixed,M50_P25_seed6_medium,not_milp,120.318069,591.229756,2799.03563,0.02,0.02,70476.015308,0.333333,0,0.001448,2550.720656759999,0.0,0.0
M,1,50,25,2,2,6,medium,alns_pinn,M50_P25_seed6_medium,not_milp,122.77505,585.694809,2793.404153,0.02,0.02,45593.449842,0.916667,0,0.004962,2844.8745366400003,0.0,0.0
M,1,50,25,2,2,6,medium,alns_pinn_uq,M50_P25_seed6_medium,not_milp,122.77505,602.405085,2795.696237,0.0,0.0,45616.470037,0.916667,0,0.005011,2847.2760948400005,0.0,0.0
M,1,50,25,2,2,6,medium,alns_pinn_full,M50_P25_seed6_medium,not_milp,123.334545,586.851582,2795.696237,0.0,0.0,45344.747903,0.916667,0,0.00487,2846.0472628400003,0.0,0.0
M,1,50,25,2,2,7,medium,greedy_nearest,M50_P25_seed7_medium,not_milp,114.023387,612.012595,2681.054143,0.0,0.0,99414.702235,0.333333,0,0.000993,2384.7261733736,0.0,0.0
M,1,50,25,2,2,7,medium,ga,M50_P25_seed7_medium,not_milp,115.378348,626.039049,2679.088106,0.0,0.0,70646.327298,1.0,0,0.004766,2584.3156449335997,0.0,0.0
M,1,50,25,2,2,7,medium,aco,M50_P25_seed7_medium,not_milp,115.331587,713.48763,2679.088106,0.0,0.0,77240.982835,0.583333,0,0.005921,2404.8212269336,0.0,0.0
M,1,50,25,2,2,7,medium,alns_fixed,M50_P25_seed7_medium,not_milp,114.023387,612.012595,2681.054143,0.0,0.0,99414.702235,0.333333,0,0.00158,2384.7261733736,0.0,0.0
M,1,50,25,2,2,7,medium,alns_pinn,M50_P25_seed7_medium,not_milp,115.571473,627.992983,2679.088106,0.0,0.0,70668.366094,1.0,0,0.005108,2588.4885879336007,0.0,0.0
M,1,50,25,2,2,7,medium,alns_pinn_uq,M50_P25_seed7_medium,not_milp,115.186865,584.166198,2679.088106,0.0,0.0,70682.211432,1.0,0,0.00656,2588.7259269335996,0.0,0.0
M,1,50,25,2,2,7,medium,alns_pinn_full,M50_P25_seed7_medium,not_milp,115.564364,638.384834,2679.088106,0.0,0.0,70289.235215,1.0,0,0.005051,2589.4250339336,0.0,0.0
M,1,50,25,2,2,8,medium,greedy_nearest,M50_P25_seed8_medium,not_milp,118.614598,634.940374,2761.08326,0.0,0.0,85003.052149,0.083333,0,0.001012,2520.7514562855995,0.0,0.0
M,1,50,25,2,2,8,medium,ga,M50_P25_seed8_medium,not_milp,118.440424,588.829704,2755.012395,0.0,0.0,53249.124177,0.75,0,0.005347,2811.3237111255994,0.0,0.0
M,1,50,25,2,2,8,medium,aco,M50_P25_seed8_medium,not_milp,117.576115,630.08195,2755.012395,0.0,0.0,60464.456993,0.25,0,0.004605,2617.636111125599,0.0,0.0
M,1,50,25,2,2,8,medium,alns_fixed,M50_P25_seed8_medium,not_milp,118.614598,634.940374,2761.08326,0.0,0.0,85003.052149,0.083333,0,0.001496,2520.7514562855995,0.0,0.0
M,1,50,25,2,2,8,medium,alns_pinn,M50_P25_seed8_medium,not_milp,118.524825,649.500272,2755.012395,0.0,0.0,53268.909962,0.75,0,0.005579,2812.4147661255997,0.0,0.0
M,1,50,25,2,2,8,medium,alns_pinn_uq,M50_P25_seed8_medium,not_milp,118.328482,624.572317,2755.012395,0.0,0.0,53305.753369,0.75,0,0.005529,2814.2466391256003,0.0,0.0
M,1,50,25,2,2,8,medium,alns_pinn_full,M50_P25_seed8_medium,not_milp,118.39545,648.119087,2755.012395,0.0,0.0,52874.315171,0.833333,0,0.005217,2815.013996125599,0.0,0.0
M,1,50,25,2,2,9,medium,greedy_nearest,M50_P25_seed9_medium,not_milp,113.532259,699.60701,2708.536494,0.0,0.0,89384.96378,0.333333,0,0.001038,2386.9088178199995,0.0,0.0
M,1,50,25,2,2,9,medium,ga,M50_P25_seed9_medium,not_milp,111.686549,640.682816,2706.949577,0.0,0.0,63634.599934,0.75,0,0.005916,2554.04365082,0.0,0.0
M,1,50,25,2,2,9,medium,aco,M50_P25_seed9_medium,not_milp,114.010325,637.380976,2706.949577,0.0,0.0,73183.228203,0.583333,0,0.005415,2421.58135882,0.0,0.0
M,1,50,25,2,2,9,medium,alns_fixed,M50_P25_seed9_medium,not_milp,113.532259,699.60701,2708.536494,0.0,0.0,89384.96378,0.333333,0,0.001506,2386.9088178199995,0.0,0.0
M,1,50,25,2,2,9,medium,alns_pinn,M50_P25_seed9_medium,not_milp,112.099328,637.177078,2706.949577,0.0,0.0,63619.605179,0.75,0,0.005014,2554.33228982,0.0,0.0
M,1,50,25,2,2,9,medium,alns_pinn_uq,M50_P25_seed9_medium,not_milp,112.099328,637.177078,2706.949577,0.0,0.0,63619.605179,0.75,0,0.00607,2554.33228982,0.0,0.0
M,1,50,25,2,2,9,medium,alns_pinn_full,M50_P25_seed9_medium,not_milp,112.772652,637.099419,2706.949577,0.0,0.0,63163.736923,0.916667,0,0.004808,2556.70268082,0.0,0.0
M,2,75,35,3,3,0,medium,greedy_nearest,M75_P35_seed0_medium,not_milp,87.743294,1115.956211,4060.654013,0.026667,0.026667,62152.413815,0.222222,81.5885,0.00188,2426.124382488801,0.0,0.0
M,2,75,35,3,3,0,medium,ga,M75_P35_seed0_medium,not_milp,80.655355,1160.298254,4060.525845,0.026667,0.026667,41088.732143,0.888889,81.5885,0.010059,2732.2350383288,0.0,0.0
M,2,75,35,3,3,0,medium,aco,M75_P35_seed0_medium,not_milp,80.755627,1118.756889,4060.525845,0.026667,0.026667,49119.39555,0.444444,81.5885,0.011858,2443.5516743288003,0.0,0.0
M,2,75,35,3,3,0,medium,alns_fixed,M75_P35_seed0_medium,not_milp,87.743294,1115.956211,4060.654013,0.026667,0.026667,62152.413815,0.222222,81.5885,0.002802,2426.124382488801,0.0,0.0
M,2,75,35,3,3,0,medium,alns_pinn,M75_P35_seed0_medium,not_milp,80.919263,1227.057956,4060.525845,0.026667,0.026667,41244.857814,0.888889,81.5885,0.011221,2742.5592553287997,0.0,0.0
M,2,75,35,3,3,0,medium,alns_pinn_uq,M75_P35_seed0_medium,not_milp,81.177721,1259.561679,4063.072837,0.013333,0.013333,41275.847132,0.888889,81.5885,0.010339,2746.6584414088,0.0,0.0
M,2,75,35,3,3,0,medium,alns_pinn_full,M75_P35_seed0_medium,not_milp,81.560102,1281.602802,4063.072837,0.013333,0.013333,41166.089531,0.944444,81.5885,0.009977,2752.7232004088,0.0,0.0
M,2,75,35,3,3,1,medium,greedy_nearest,M75_P35_seed1_medium,not_milp,97.465261,1173.489255,4398.336407,0.053333,0.053333,93213.6955,0.333333,41.0945,0.001884,2489.4257237904003,0.0,0.0
M,2,75,35,3,3,1,medium,ga,M75_P35_seed1_medium,not_milp,85.782453,1200.170567,4394.523776,0.053333,0.053333,57876.571181,0.833333,41.0945,0.011602,2814.3797385104,0.0,0.0
M,2,75,35,3,3,1,medium,aco,M75_P35_seed1_medium,not_milp,97.968623,1067.358537,4394.523776,0.053333,0.053333,67273.50409,0.5,41.0945,0.010189,2532.7307405103998,0.0,0.0
M,2,75,35,3,3,1,medium,alns_fixed,M75_P35_seed1_medium,not_milp,97.465261,1173.489255,4398.336407,0.053333,0.053333,93213.6955,0.333333,41.0945,0.002541,2489.4257237904003,0.0,0.0
M,2,75,35,3,3,1,medium,alns_pinn,M75_P35_seed1_medium,not_milp,85.126698,1228.979328,4394.523776,0.053333,0.053333,57941.624802,0.888889,41.0945,0.011037,2820.892614510401,0.0,0.0
M,2,75,35,3,3,1,medium,alns_pinn_uq,M75_P35_seed1_medium,not_milp,85.672583,1122.411486,4401.405793,0.013333,0.013333,58272.374586,0.888889,41.0945,0.010955,2838.8717475903995,0.0,0.0
M,2,75,35,3,3,1,medium,alns_pinn_full,M75_P35_seed1_medium,not_milp,86.80277,1252.049697,4401.405793,0.013333,0.013333,58172.224922,0.888889,41.0945,0.010806,2847.627112590399,0.0,0.0
M,2,75,35,3,3,2,medium,greedy_nearest,M75_P35_seed2_medium,not_milp,92.532711,1182.665862,4429.878617,0.066667,0.066667,82286.562062,0.222222,182.8656,0.001947,2323.6943995368,0.0,0.0
M,2,75,35,3,3,2,medium,ga,M75_P35_seed2_medium,not_milp,92.00702,1199.370353,4428.392848,0.066667,0.066667,55341.015025,0.944444,182.8656,0.011003,2725.1726669768004,0.0,0.0
M,2,75,35,3,3,2,medium,aco,M75_P35_seed2_medium,not_milp,91.238583,1169.326027,4428.392848,0.066667,0.066667,64657.059884,0.555556,182.8656,0.010105,2404.6937949768,0.0,0.0
M,2,75,35,3,3,2,medium,alns_fixed,M75_P35_seed2_medium,not_milp,92.532711,1182.665862,4429.878617,0.066667,0.066667,82286.562062,0.222222,182.8656,0.003071,2323.6943995368,0.0,0.0
M,2,75,35,3,3,2,medium,alns_pinn,M75_P35_seed2_medium,not_milp,92.185965,1329.41185,4428.392848,0.066667,0.066667,55356.561256,0.944444,182.8656,0.013644,2726.9130839767995,0.0,0.0
M,2,75,35,3,3,2,medium,alns_pinn_uq,M75_P35_seed2_medium,not_milp,92.101597,1255.040402,4432.906775,0.04,0.04,55594.771513,0.944444,182.8656,0.0107,2738.8818096968,0.0,0.0
M,2,75,35,3,3,2,medium,alns_pinn_full,M75_P35_seed2_medium,not_milp,89.983766,1181.036504,4432.906775,0.04,0.04,55339.763299,0.888889,182.8656,0.01011,2739.5533986967994,0.0,0.0
M,2,75,35,3,3,3,medium,greedy_nearest,M75_P35_seed3_medium,not_milp,91.435355,1225.99465,4333.305688,0.053333,0.053333,96255.611178,0.111111,56.9357,0.00269,2432.5152880744,0.0,0.0
M,2,75,35,3,3,3,medium,ga,M75_P35_seed3_medium,not_milp,93.783679,1075.170756,4329.307983,0.053333,0.053333,68751.159471,0.777778,56.9357,0.012467,2694.1089091543995,0.0,0.0
M,2,75,35,3,3,3,medium,aco,M75_P35_seed3_medium,not_milp,92.273094,1243.628261,4329.307983,0.053333,0.053333,78964.322906,0.333333,56.9357,0.012475,2487.9923521544,0.0,0.0
M,2,75,35,3,3,3,medium,alns_fixed,M75_P35_seed3_medium,not_milp,91.435355,1225.99465,4333.305688,0.053333,0.053333,96255.611178,0.111111,56.9357,0.002632,2432.5152880744,0.0,0.0
M,2,75,35,3,3,3,medium,alns_pinn,M75_P35_seed3_medium,not_milp,94.101638,1148.455732,4329.307983,0.053333,0.053333,68805.948133,0.777778,56.9357,0.009988,2696.7186771543998,0.0,0.0
M,2,75,35,3,3,3,medium,alns_pinn_uq,M75_P35_seed3_medium,not_milp,94.535906,1110.810526,4333.676199,0.026667,0.026667,68947.920992,0.777778,56.9357,0.010296,2703.3982711144,0.0,0.0
M,2,75,35,3,3,3,medium,alns_pinn_full,M75_P35_seed3_medium,not_milp,92.084156,1196.129162,4333.676199,0.026667,0.026667,68471.419487,0.833333,56.9357,0.011511,2704.9595491143996,0.0,0.0
M,2,75,35,3,3,4,medium,greedy_nearest,M75_P35_seed4_medium,not_milp,86.808791,1055.594785,4511.953886,0.066667,0.066667,79646.608487,0.222222,164.1925,0.001903,2439.6650226648,0.0,0.0
M,2,75,35,3,3,4,medium,ga,M75_P35_seed4_medium,not_milp,87.545968,1149.200568,4509.51509,0.066667,0.066667,49149.949209,0.888889,164.1925,0.010251,2719.8713252248,0.0,0.0
M,2,75,35,3,3,4,medium,aco,M75_P35_seed4_medium,not_milp,89.438446,1221.227225,4509.51509,0.066667,0.066667,57428.504472,0.444444,164.1925,0.009406,2487.2366742248,0.0,0.0
M,2,75,35,3,3,4,medium,alns_fixed,M75_P35_seed4_medium,not_milp,86.808791,1055.594785,4511.953886,0.066667,0.066667,79646.608487,0.222222,164.1925,0.003447,2439.6650226648,0.0,0.0
M,2,75,35,3,3,4,medium,alns_pinn,M75_P35_seed4_medium,not_milp,88.039836,1163.627341,4509.51509,0.066667,0.066667,49173.415912,0.888889,164.1925,0.010473,2723.869640224801,0.0,0.0
M,2,75,35,3,3,4,medium,alns_pinn_uq,M75_P35_seed4_medium,not_milp,88.570892,1058.972967,4514.169455,0.04,0.04,49290.387122,0.888889,164.1925,0.011411,2731.7729674248003,0.0,0.0
M,2,75,35,3,3,4,medium,alns_pinn_full,M75_P35_seed4_medium,not_milp,86.303343,1224.488677,4514.169455,0.04,0.04,48739.583335,0.944444,164.1925,0.010922,2735.145038424801,0.0,0.0
M,2,75,35,3,3,5,medium,greedy_nearest,M75_P35_seed5_medium,not_milp,95.242474,1205.009177,4555.858108,0.066667,0.066667,111616.24127,0.222222,107.7381,0.00194,2433.6339242688,0.0,0.0
M,2,75,35,3,3,5,medium,ga,M75_P35_seed5_medium,not_milp,84.252218,1238.922799,4554.248084,0.066667,0.066667,70411.750691,0.888889,107.7381,0.010614,2771.6627561888,0.0,0.0
M,2,75,35,3,3,5,medium,aco,M75_P35_seed5_medium,not_milp,90.544032,1146.013826,4554.248084,0.066667,0.066667,82455.693324,0.5,107.7381,0.009734,2502.2604131888006,0.0,0.0
M,2,75,35,3,3,5,medium,alns_fixed,M75_P35_seed5_medium,not_milp,95.242474,1205.009177,4555.858108,0.066667,0.066667,111616.24127,0.222222,107.7381,0.003528,2433.6339242688,0.0,0.0
M,2,75,35,3,3,5,medium,alns_pinn,M75_P35_seed5_medium,not_milp,85.951876,1225.022907,4554.248084,0.066667,0.066667,70452.883841,0.888889,107.7381,0.010602,2778.0816831888,0.0,0.0
M,2,75,35,3,3,5,medium,alns_pinn_uq,M75_P35_seed5_medium,not_milp,86.343006,1197.946966,4560.852416,0.026667,0.026667,70573.03137,0.888889,107.7381,0.010962,2789.8328815888003,0.0,0.0
M,2,75,35,3,3,5,medium,alns_pinn_full,M75_P35_seed5_medium,not_milp,85.963497,1275.545641,4560.852416,0.026667,0.026667,70417.069472,0.944444,107.7381,0.011818,2802.6643585888,0.0,0.0
M,2,75,35,3,3,6,medium,greedy_nearest,M75_P35_seed6_medium,not_milp,96.345419,1281.302632,4235.804148,0.026667,0.026667,99936.741245,0.222222,117.0014,0.00189,2573.4356142520005,0.0,0.0
M,2,75,35,3,3,6,medium,ga,M75_P35_seed6_medium,not_milp,87.955631,1240.126889,4234.942436,0.026667,0.026667,65916.130488,0.944444,117.0014,0.011161,2954.025686012,0.0,0.0
M,2,75,35,3,3,6,medium,aco,M75_P35_seed6_medium,not_milp,95.51014,1158.803204,4234.942436,0.026667,0.026667,76309.493726,0.444444,117.0014,0.009773,2649.544854012,0.0,0.0
M,2,75,35,3,3,6,medium,alns_fixed,M75_P35_seed6_medium,not_milp,96.345419,1281.302632,4235.804148,0.026667,0.026667,99936.741245,0.222222,117.0014,0.002502,2573.4356142520005,0.0,0.0
M,2,75,35,3,3,6,medium,alns_pinn,M75_P35_seed6_medium,not_milp,87.31492,1173.397676,4234.942436,0.026667,0.026667,65958.187527,0.944444,117.0014,0.010174,2958.981701012,0.0,0.0
M,2,75,35,3,3,6,medium,alns_pinn_uq,M75_P35_seed6_medium,not_milp,86.839297,1230.621523,4234.942436,0.026667,0.026667,66041.069483,0.944444,117.0014,0.010343,2966.0524250119997,0.0,0.0
M,2,75,35,3,3,6,medium,alns_pinn_full,M75_P35_seed6_medium,not_milp,87.873779,1163.026253,4234.942436,0.026667,0.026667,65760.151189,0.944444,117.0014,0.010781,2976.874016012,0.0,0.0
M,2,75,35,3,3,7,medium,greedy_nearest,M75_P35_seed7_medium,not_milp,88.884423,1179.164369,4419.482231,0.04,0.04,87338.681425,0.222222,122.5055,0.001913,2473.1860866584,0.0,0.0
M,2,75,35,3,3,7,medium,ga,M75_P35_seed7_medium,not_milp,84.688424,1099.539324,4419.482231,0.04,0.04,58250.206515,0.777778,122.5055,0.01013,2859.8397296583994,0.0,0.0
M,2,75,35,3,3,7,medium,aco,M75_P35_seed7_medium,not_milp,91.310596,1194.064395,4419.482231,0.04,0.04,65691.0037,0.555556,122.5055,0.009669,2554.8189766584014,0.0,0.0
M,2,75,35,3,3,7,medium,alns_fixed,M75_P35_seed7_medium,not_milp,88.884423,1179.164369,4419.482231,0.04,0.04,87338.681425,0.222222,122.5055,0.00302,2473.1860866584,0.0,0.0
M,2,75,35,3,3,7,medium,alns_pinn,M75_P35_seed7_medium,not_milp,84.745182,1213.144686,4419.482231,0.04,0.04,58251.339503,0.777778,122.5055,0.010464,2862.6971936584005,0.0,0.0
M,2,75,35,3,3,7,medium,alns_pinn_uq,M75_P35_seed7_medium,not_milp,84.953556,1036.219135,4421.952608,0.026667,0.026667,58534.730653,0.777778,122.5055,0.012646,2873.7428696584007,0.0,0.0
M,2,75,35,3,3,7,medium,alns_pinn_full,M75_P35_seed7_medium,not_milp,84.397805,1208.609658,4421.952608,0.026667,0.026667,58146.890515,0.833333,122.5055,0.010561,2875.3860426583997,0.0,0.0
M,2,75,35,3,3,8,medium,greedy_nearest,M75_P35_seed8_medium,not_milp,89.874455,1245.636793,4382.306866,0.04,0.04,59755.616429,0.444444,103.0719,0.001897,2501.7355314935994,0.0,0.0
M,2,75,35,3,3,8,medium,ga,M75_P35_seed8_medium,not_milp,82.086517,1228.418964,4376.315698,0.04,0.04,41021.097321,0.944444,103.0719,0.010728,2719.2630398936003,0.0,0.0
M,2,75,35,3,3,8,medium,aco,M75_P35_seed8_medium,not_milp,88.649989,1080.350427,4376.315698,0.04,0.04,45921.856316,0.666667,103.0719,0.010114,2536.0778258936,0.0,0.0
M,2,75,35,3,3,8,medium,alns_fixed,M75_P35_seed8_medium,not_milp,89.874455,1245.636793,4382.306866,0.04,0.04,59755.616429,0.444444,103.0719,0.002873,2501.7355314935994,0.0,0.0
M,2,75,35,3,3,8,medium,alns_pinn,M75_P35_seed8_medium,not_milp,82.170292,1160.24504,4376.315698,0.04,0.04,41029.177661,0.944444,103.0719,0.010556,2724.868598893601,0.0,0.0
M,2,75,35,3,3,8,medium,alns_pinn_uq,M75_P35_seed8_medium,not_milp,83.454982,1139.223749,4381.539543,0.013333,0.013333,41106.970367,0.944444,45.7536,0.011729,2730.6539250136,0.0,0.0
M,2,75,35,3,3,8,medium,alns_pinn_full,M75_P35_seed8_medium,not_milp,84.210832,1172.563646,4381.539543,0.013333,0.013333,41030.385768,0.944444,45.7536,0.011557,2749.2167230135988,0.0,0.0
M,2,75,35,3,3,9,medium,greedy_nearest,M75_P35_seed9_medium,not_milp,91.152989,1194.273769,4121.263694,0.026667,0.026667,73266.053228,0.166667,57.4049,0.001923,2504.380050989599,0.0,0.0
M,2,75,35,3,3,9,medium,ga,M75_P35_seed9_medium,not_milp,81.387318,1250.133978,4121.263694,0.026667,0.026667,43432.280376,0.944444,57.4049,0.013206,2807.3653129895993,0.0,0.0
M,2,75,35,3,3,9,medium,aco,M75_P35_seed9_medium,not_milp,92.248304,1238.412516,4121.263694,0.026667,0.026667,51258.13007,0.611111,57.4049,0.010101,2542.8240669896004,0.0,0.0
M,2,75,35,3,3,9,medium,alns_fixed,M75_P35_seed9_medium,not_milp,91.152989,1194.273769,4121.263694,0.026667,0.026667,73266.053228,0.166667,57.4049,0.002486,2504.380050989599,0.0,0.0
M,2,75,35,3,3,9,medium,alns_pinn,M75_P35_seed9_medium,not_milp,81.286877,1150.610967,4121.263694,0.026667,0.026667,43450.152519,0.944444,57.4049,0.010685,2809.2568099896002,0.0,0.0
M,2,75,35,3,3,9,medium,alns_pinn_uq,M75_P35_seed9_medium,not_milp,81.644688,1230.683452,4123.514377,0.013333,0.013333,43472.183004,0.944444,57.4049,0.010649,2813.0498867096003,0.0,0.0
M,2,75,35,3,3,9,medium,alns_pinn_full,M75_P35_seed9_medium,not_milp,82.202829,1294.318365,4123.514377,0.013333,0.013333,43256.099512,0.944444,57.4049,0.011021,2823.6488047096,0.0,0.0
M,3,100,50,3,3,0,medium,greedy_nearest,M100_P50_seed0_medium,not_milp,108.544091,2176.798857,5486.634399,0.01,0.01,165484.245643,0.24,0,0.003376,4287.380451868801,0.0,0.0
M,3,100,50,3,3,0,medium,ga,M100_P50_seed0_medium,not_milp,106.36061,2155.244173,5486.219349,0.01,0.01,108470.662985,0.88,0,0.019283,4842.2772485488,0.0,0.0
M,3,100,50,3,3,0,medium,aco,M100_P50_seed0_medium,not_milp,107.22349,2328.634708,5486.219349,0.01,0.01,126145.952753,0.36,0,0.019515,4444.9115505488,0.0,0.0
M,3,100,50,3,3,0,medium,alns_fixed,M100_P50_seed0_medium,not_milp,108.544091,2176.798857,5486.634399,0.01,0.01,165484.245643,0.24,0,0.005065,4287.380451868801,0.0,0.0
M,3,100,50,3,3,0,medium,alns_pinn,M100_P50_seed0_medium,not_milp,106.590608,2173.931533,5486.219349,0.01,0.01,108534.979851,0.88,0,0.020732,4847.535365548798,0.0,0.0
M,3,100,50,3,3,0,medium,alns_pinn_uq,M100_P50_seed0_medium,not_milp,106.590608,2162.684757,5488.497124,0.0,0.0,108551.389316,0.88,0,0.019021,4848.7000384287985,0.0,0.0
M,3,100,50,3,3,0,medium,alns_pinn_full,M100_P50_seed0_medium,not_milp,106.026309,2291.876819,5488.497124,0.0,0.0,108003.520698,0.92,0,0.020326,4851.356051428799,0.0,0.0
M,3,100,50,3,3,1,medium,greedy_nearest,M100_P50_seed1_medium,not_milp,109.592548,2105.861666,5288.214194,0.01,0.01,141867.43196,0.28,0,0.003667,4366.634939264,0.0,0.0
M,3,100,50,3,3,1,medium,ga,M100_P50_seed1_medium,not_milp,101.211805,2186.777902,5288.214194,0.01,0.01,92987.001247,0.92,0,0.01995,4848.606558264,0.0,0.0
M,3,100,50,3,3,1,medium,aco,M100_P50_seed1_medium,not_milp,103.385453,2176.474117,5288.214194,0.01,0.01,104722.722443,0.6,0,0.019575,4500.988035263999,0.0,0.0
M,3,100,50,3,3,1,medium,alns_fixed,M100_P50_seed1_medium,not_milp,109.592548,2105.861666,5288.214194,0.01,0.01,141867.43196,0.28,0,0.004113,4366.634939264,0.0,0.0
M,3,100,50,3,3,1,medium,alns_pinn,M100_P50_seed1_medium,not_milp,101.498248,2104.085849,5288.214194,0.01,0.01,93028.705538,0.92,0,0.020627,4852.348728263999,0.0,0.0
M,3,100,50,3,3,1,medium,alns_pinn_uq,M100_P50_seed1_medium,not_milp,101.166877,1928.167844,5290.662134,0.0,0.0,93188.93773,0.92,0,0.019767,4861.378322504,0.0,0.0
M,3,100,50,3,3,1,medium,alns_pinn_full,M100_P50_seed1_medium,not_milp,101.380629,2141.656533,5290.662134,0.0,0.0,92636.770464,0.96,0,0.020498,4861.413738504,0.0,0.0
M,3,100,50,3,3,2,medium,greedy_nearest,M100_P50_seed2_medium,not_milp,105.237359,2019.450515,5486.210263,0.01,0.01,108942.782869,0.36,48.2452,0.00324,4348.5959339424,0.0,0.0
M,3,100,50,3,3,2,medium,ga,M100_P50_seed2_medium,not_milp,100.639848,2194.858227,5484.184674,0.01,0.01,73346.013258,0.92,48.2452,0.019717,4739.115469742402,0.0,0.0
M,3,100,50,3,3,2,medium,aco,M100_P50_seed2_medium,not_milp,106.187792,1978.960728,5484.184674,0.01,0.01,85946.692535,0.52,48.2452,0.019782,4424.7085267424,0.0,0.0
M,3,100,50,3,3,2,medium,alns_fixed,M100_P50_seed2_medium,not_milp,105.237359,2019.450515,5486.210263,0.01,0.01,108942.782869,0.36,48.2452,0.004438,4348.5959339424,0.0,0.0
M,3,100,50,3,3,2,medium,alns_pinn,M100_P50_seed2_medium,not_milp,101.225042,2071.953377,5484.184674,0.01,0.01,73499.685962,0.88,48.2452,0.020405,4744.247600742399,0.0,0.0
M,3,100,50,3,3,2,medium,alns_pinn_uq,M100_P50_seed2_medium,not_milp,101.225042,2071.953377,5484.184674,0.01,0.01,73499.685962,0.88,48.2452,0.022659,4744.247600742399,0.0,0.0
M,3,100,50,3,3,2,medium,alns_pinn_full,M100_P50_seed2_medium,not_milp,101.724541,2202.173432,5484.184674,0.01,0.01,72993.020858,0.96,48.2452,0.022499,4751.221368742398,0.0,0.0
M,3,100,50,3,3,3,medium,greedy_nearest,M100_P50_seed3_medium,not_milp,106.1013,2172.665811,5498.383175,0.01,0.01,147282.491099,0.2,0,0.003521,4207.0014925936,0.0,0.0
M,3,100,50,3,3,3,medium,ga,M100_P50_seed3_medium,not_milp,100.238983,2313.761379,5497.09635,0.01,0.01,92226.296872,0.92,0,0.02227,4759.3975642735995,0.0,0.0
M,3,100,50,3,3,3,medium,aco,M100_P50_seed3_medium,not_milp,101.722621,2217.344243,5497.09635,0.01,0.01,109257.399051,0.32,0,0.021068,4289.8297172736,0.0,0.0
M,3,100,50,3,3,3,medium,alns_fixed,M100_P50_seed3_medium,not_milp,106.1013,2172.665811,5498.383175,0.01,0.01,147282.491099,0.2,0,0.004158,4207.0014925936,0.0,0.0
M,3,100,50,3,3,3,medium,alns_pinn,M100_P50_seed3_medium,not_milp,102.166413,2124.663022,5497.09635,0.01,0.01,92302.027763,0.92,0,0.020768,4769.4543392736,0.0,0.0
M,3,100,50,3,3,3,medium,alns_pinn_uq,M100_P50_seed3_medium,not_milp,102.816238,2200.13273,5499.31412,0.0,0.0,92610.717278,0.92,0,0.019364,4781.464158713599,0.0,0.0
M,3,100,50,3,3,3,medium,alns_pinn_full,M100_P50_seed3_medium,not_milp,103.04436,1978.87621,5499.31412,0.0,0.0,92004.204171,0.92,0,0.022587,4776.3543367136,0.0,0.0
M,3,100,50,3,3,4,medium,greedy_nearest,M100_P50_seed4_medium,not_milp,106.317331,2299.293381,5022.004922,0.0,0.0,151058.326483,0.36,0,0.006056,4247.938631606401,0.0,0.0
M,3,100,50,3,3,4,medium,ga,M100_P50_seed4_medium,not_milp,101.79603,2066.262134,5022.004922,0.0,0.0,92657.030724,0.88,0,0.020809,4660.4390316064,0.0,0.0
M,3,100,50,3,3,4,medium,aco,M100_P50_seed4_medium,not_milp,104.676378,2294.882035,5022.004922,0.0,0.0,112015.698994,0.52,0,0.0207,4347.156411606398,0.0,0.0
M,3,100,50,3,3,4,medium,alns_fixed,M100_P50_seed4_medium,not_milp,106.317331,2299.293381,5022.004922,0.0,0.0,151058.326483,0.36,0,0.004262,4247.938631606401,0.0,0.0
M,3,100,50,3,3,4,medium,alns_pinn,M100_P50_seed4_medium,not_milp,102.155329,1993.86858,5022.004922,0.0,0.0,92945.62244,0.88,0,0.020287,4667.197851606399,0.0,0.0
M,3,100,50,3,3,4,medium,alns_pinn_uq,M100_P50_seed4_medium,not_milp,102.565792,2009.227694,5022.004922,0.0,0.0,93031.094321,0.88,0,0.021137,4669.9101706064,0.0,0.0
M,3,100,50,3,3,4,medium,alns_pinn_full,M100_P50_seed4_medium,not_milp,101.409393,2290.588633,5022.004922,0.0,0.0,92439.299178,0.92,0,0.020355,4671.089013606399,0.0,0.0
M,3,100,50,3,3,5,medium,greedy_nearest,M100_P50_seed5_medium,not_milp,105.330333,2168.387775,4972.635262,0.0,0.0,155170.229451,0.2,0,0.003284,4248.274438855201,0.0,0.0
M,3,100,50,3,3,5,medium,ga,M100_P50_seed5_medium,not_milp,102.739167,2035.650027,4971.080615,0.0,0.0,99283.492203,0.88,0,0.020447,4605.270449415198,0.0,0.0
M,3,100,50,3,3,5,medium,aco,M100_P50_seed5_medium,not_milp,105.580239,2410.006467,4971.080615,0.0,0.0,117133.340025,0.48,0,0.018607,4294.502467415201,0.0,0.0
M,3,100,50,3,3,5,medium,alns_fixed,M100_P50_seed5_medium,not_milp,105.330333,2168.387775,4972.635262,0.0,0.0,155170.229451,0.2,0,0.004368,4248.274438855201,0.0,0.0
M,3,100,50,3,3,5,medium,alns_pinn,M100_P50_seed5_medium,not_milp,102.524651,2240.844045,4971.080615,0.0,0.0,99315.990723,0.92,0,0.021075,4608.628787415199,0.0,0.0
M,3,100,50,3,3,5,medium,alns_pinn_uq,M100_P50_seed5_medium,not_milp,102.734532,2074.396041,4971.080615,0.0,0.0,99305.794945,0.92,0,0.018816,4607.6180264152,0.0,0.0
M,3,100,50,3,3,5,medium,alns_pinn_full,M100_P50_seed5_medium,not_milp,101.779005,2362.858427,4971.080615,0.0,0.0,98755.798476,0.96,0,0.020345,4613.464168415199,0.0,0.0
M,3,100,50,3,3,6,medium,greedy_nearest,M100_P50_seed6_medium,not_milp,111.762626,2129.19141,5189.408552,0.01,0.01,168019.131095,0.32,68.7711,0.004902,4164.97172114,0.0,0.0
M,3,100,50,3,3,6,medium,ga,M100_P50_seed6_medium,not_milp,102.182976,2352.263328,5188.411757,0.01,0.01,113058.60559,0.92,68.7711,0.019247,4522.422600019999,0.0,0.0
M,3,100,50,3,3,6,medium,aco,M100_P50_seed6_medium,not_milp,109.999287,2186.675061,5188.411757,0.01,0.01,129494.599669,0.6,68.7711,0.018936,4248.753098020001,0.0,0.0
M,3,100,50,3,3,6,medium,alns_fixed,M100_P50_seed6_medium,not_milp,111.762626,2129.19141,5189.408552,0.01,0.01,168019.131095,0.32,68.7711,0.004232,4164.97172114,0.0,0.0
M,3,100,50,3,3,6,medium,alns_pinn,M100_P50_seed6_medium,not_milp,101.978921,2153.663428,5188.411757,0.01,0.01,113172.987381,0.92,68.7711,0.019344,4527.464073019999,0.0,0.0
M,3,100,50,3,3,6,medium,alns_pinn_uq,M100_P50_seed6_medium,not_milp,102.538013,2257.766588,5191.198764,0.0,0.0,113286.92336,0.92,0,0.020553,4533.2936606600015,0.0,0.0
M,3,100,50,3,3,6,medium,alns_pinn_full,M100_P50_seed6_medium,not_milp,103.219371,2114.077632,5191.198764,0.0,0.0,112654.639639,0.96,0,0.022616,4536.494157660003,0.0,0.0
M,3,100,50,3,3,7,medium,greedy_nearest,M100_P50_seed7_medium,not_milp,106.728079,2062.156176,5001.240884,0.01,0.01,168919.481637,0.2,0,0.003191,4108.2062003264,0.0,0.0
M,3,100,50,3,3,7,medium,ga,M100_P50_seed7_medium,not_milp,100.432551,1770.653811,5001.240884,0.01,0.01,100817.005015,0.88,0,0.020571,4411.176424326401,0.0,0.0
M,3,100,50,3,3,7,medium,aco,M100_P50_seed7_medium,not_milp,107.908081,2294.760045,5001.240884,0.01,0.01,127913.463053,0.32,0,0.018594,4152.2901693264,0.0,0.0
M,3,100,50,3,3,7,medium,alns_fixed,M100_P50_seed7_medium,not_milp,106.728079,2062.156176,5001.240884,0.01,0.01,168919.481637,0.2,0,0.004146,4108.2062003264,0.0,0.0
M,3,100,50,3,3,7,medium,alns_pinn,M100_P50_seed7_medium,not_milp,100.530965,2065.645464,5001.240884,0.01,0.01,100821.453094,0.88,0,0.018916,4412.241660326401,0.0,0.0
M,3,100,50,3,3,7,medium,alns_pinn_uq,M100_P50_seed7_medium,not_milp,100.929049,1979.475216,5003.397035,0.0,0.0,100845.569403,0.88,0,0.021134,4414.6757537264,0.0,0.0
M,3,100,50,3,3,7,medium,alns_pinn_full,M100_P50_seed7_medium,not_milp,100.107684,2035.041866,5003.397035,0.0,0.0,100478.026064,0.88,0,0.019808,4430.2169067264,0.0,0.0
M,3,100,50,3,3,8,medium,greedy_nearest,M100_P50_seed8_medium,not_milp,111.15735,2085.703872,5076.986204,0.0,0.0,114865.143274,0.28,0,0.003282,4509.8408109704005,0.0,0.0
M,3,100,50,3,3,8,medium,ga,M100_P50_seed8_medium,not_milp,102.576703,1968.099364,5076.986204,0.0,0.0,80260.443952,0.88,0,0.019678,4870.034896970399,0.0,0.0
M,3,100,50,3,3,8,medium,aco,M100_P50_seed8_medium,not_milp,103.5562,2301.40431,5076.986204,0.0,0.0,89992.640245,0.48,0,0.019423,4607.8060879704,0.0,0.0
M,3,100,50,3,3,8,medium,alns_fixed,M100_P50_seed8_medium,not_milp,111.15735,2085.703872,5076.986204,0.0,0.0,114865.143274,0.28,0,0.004062,4509.8408109704005,0.0,0.0
M,3,100,50,3,3,8,medium,alns_pinn,M100_P50_seed8_medium,not_milp,103.242701,1932.489462,5076.986204,0.0,0.0,80322.685686,0.88,0,0.019829,4875.2314119704,0.0,0.0
M,3,100,50,3,3,8,medium,alns_pinn_uq,M100_P50_seed8_medium,not_milp,102.44724,1907.63559,5076.986204,0.0,0.0,80398.387072,0.88,0,0.019543,4877.042706970401,0.0,0.0
M,3,100,50,3,3,8,medium,alns_pinn_full,M100_P50_seed8_medium,not_milp,102.065181,2008.888709,5076.986204,0.0,0.0,79899.560981,0.92,0,0.02049,4873.9299559704,0.0,0.0
M,3,100,50,3,3,9,medium,greedy_nearest,M100_P50_seed9_medium,not_milp,115.283603,2296.358092,5327.389283,0.01,0.01,149089.737275,0.28,31.7211,0.003759,4412.473061365601,0.0,0.0
M,3,100,50,3,3,9,medium,ga,M100_P50_seed9_medium,not_milp,111.043424,2022.375887,5327.389283,0.01,0.01,94948.837129,0.84,31.7211,0.019195,4825.5452963656,0.0,0.0
M,3,100,50,3,3,9,medium,aco,M100_P50_seed9_medium,not_milp,114.760556,2224.426279,5327.389283,0.01,0.01,110842.551532,0.56,31.7211,0.01863,4502.101246365602,0.0,0.0
M,3,100,50,3,3,9,medium,alns_fixed,M100_P50_seed9_medium,not_milp,115.283603,2296.358092,5327.389283,0.01,0.01,149089.737275,0.28,31.7211,0.004217,4412.473061365601,0.0,0.0
M,3,100,50,3,3,9,medium,alns_pinn,M100_P50_seed9_medium,not_milp,111.894561,1939.605549,5327.389283,0.01,0.01,95013.589769,0.84,31.7211,0.021943,4827.994398365599,0.0,0.0
M,3,100,50,3,3,9,medium,alns_pinn_uq,M100_P50_seed9_medium,not_milp,111.999278,2061.580963,5327.389283,0.01,0.01,95009.612951,0.84,31.7211,0.020013,4829.180331365601,0.0,0.0
M,3,100,50,3,3,9,medium,alns_pinn_full,M100_P50_seed9_medium,not_milp,108.672968,1941.040227,5327.389283,0.01,0.01,94392.059575,0.88,31.7211,0.020809,4826.607737365603,0.0,0.0
L,0,150,75,3,2,0,medium,greedy_nearest,L150_P75_seed0_medium,not_milp,227.719006,3925.548978,8239.672513,0.006667,0.006667,510524.897388,0.297297,0,0.006629,14871.805974224797,0.0,0.0
L,0,150,75,3,2,0,medium,ga,L150_P75_seed0_medium,not_milp,227.030174,3944.920454,8232.342711,0.006667,0.006667,317927.709722,0.891892,0,0.043531,16434.588348224795,0.0,0.0
L,0,150,75,3,2,0,medium,aco,L150_P75_seed0_medium,not_milp,228.223038,3654.185434,8232.342711,0.006667,0.006667,357493.781719,0.621622,0,0.04565,15291.363372224798,0.0,0.0
L,0,150,75,3,2,0,medium,alns_fixed,L150_P75_seed0_medium,not_milp,227.719006,3925.548978,8239.672513,0.006667,0.006667,510524.897388,0.297297,0,0.008457,14871.805974224797,0.0,0.0
L,0,150,75,3,2,0,medium,alns_pinn,L150_P75_seed0_medium,not_milp,226.604329,3706.835696,8232.342711,0.006667,0.006667,318425.929727,0.891892,0,0.042516,16445.214517224802,0.0,0.0
L,0,150,75,3,2,0,medium,alns_pinn_uq,L150_P75_seed0_medium,not_milp,226.366033,3740.093989,8234.621716,0.0,0.0,318428.994492,0.891892,0,0.042326,16454.298734144802,0.0,0.0
L,0,150,75,3,2,0,medium,alns_pinn_full,L150_P75_seed0_medium,not_milp,226.694965,4016.702951,8234.621716,0.0,0.0,317111.808822,0.918919,0,0.047275,16458.580374144803,0.0,0.0
L,0,150,75,3,2,1,medium,greedy_nearest,L150_P75_seed1_medium,not_milp,222.446221,3811.79288,7961.869688,0.006667,0.006667,477971.019769,0.405405,0,0.006671,14452.204835773593,0.0,0.0
L,0,150,75,3,2,1,medium,ga,L150_P75_seed1_medium,not_milp,219.598512,3345.509309,7958.154965,0.006667,0.006667,318120.537463,0.837838,0,0.041997,15807.459724813594,0.0,0.0
L,0,150,75,3,2,1,medium,aco,L150_P75_seed1_medium,not_milp,226.729072,4035.55531,7958.154965,0.006667,0.006667,359171.417196,0.513514,0,0.045204,14783.058244813605,0.0,0.0
L,0,150,75,3,2,1,medium,alns_fixed,L150_P75_seed1_medium,not_milp,222.446221,3811.79288,7961.869688,0.006667,0.006667,477971.019769,0.405405,0,0.007432,14452.204835773593,0.0,0.0
L,0,150,75,3,2,1,medium,alns_pinn,L150_P75_seed1_medium,not_milp,219.927502,3575.965673,7958.154965,0.006667,0.006667,318195.002977,0.864865,0,0.041626,15815.197040813608,0.0,0.0
L,0,150,75,3,2,1,medium,alns_pinn_uq,L150_P75_seed1_medium,not_milp,219.783349,3655.062698,7960.488063,0.0,0.0,318363.873364,0.837838,0,0.041888,15818.9605367336,0.0,0.0
L,0,150,75,3,2,1,medium,alns_pinn_full,L150_P75_seed1_medium,not_milp,219.484364,3595.872194,7960.488063,0.0,0.0,315687.752645,0.864865,0,0.045773,15813.6834277336,0.0,0.0
L,0,150,75,3,2,2,medium,greedy_nearest,L150_P75_seed2_medium,not_milp,225.07742,3703.586315,7262.036168,0.0,0.0,450320.04618,0.324324,0,0.006977,14413.9211960512,0.0,0.0
L,0,150,75,3,2,2,medium,ga,L150_P75_seed2_medium,not_milp,223.167473,3869.422847,7261.948941,0.0,0.0,255373.402817,0.945946,0,0.043622,15876.467285211196,0.0,0.0
L,0,150,75,3,2,2,medium,aco,L150_P75_seed2_medium,not_milp,220.547689,4048.680207,7261.948941,0.0,0.0,318521.261588,0.540541,0,0.041405,14813.701992211198,0.0,0.0
L,0,150,75,3,2,2,medium,alns_fixed,L150_P75_seed2_medium,not_milp,225.07742,3703.586315,7262.036168,0.0,0.0,450320.04618,0.324324,0,0.007566,14413.9211960512,0.0,0.0
L,0,150,75,3,2,2,medium,alns_pinn,L150_P75_seed2_medium,not_milp,224.686352,3701.559037,7261.948941,0.0,0.0,255714.221165,0.945946,0,0.042632,15900.832959211202,0.0,0.0
L,0,150,75,3,2,2,medium,alns_pinn_uq,L150_P75_seed2_medium,not_milp,224.176169,3615.110284,7261.948941,0.0,0.0,255729.292561,0.945946,0,0.044013,15902.161911211197,0.0,0.0
L,0,150,75,3,2,2,medium,alns_pinn_full,L150_P75_seed2_medium,not_milp,222.819348,3792.54988,7261.948941,0.0,0.0,254877.549547,0.972973,0,0.046621,15921.818318211206,0.0,0.0
L,0,150,75,3,2,3,medium,greedy_nearest,L150_P75_seed3_medium,not_milp,225.999885,3559.284036,7923.575656,0.006667,0.006667,467435.794983,0.216216,0,0.007485,14539.706879184007,0.0,0.0
L,0,150,75,3,2,3,medium,ga,L150_P75_seed3_medium,not_milp,223.725779,3531.059042,7920.845744,0.006667,0.006667,296177.955303,0.891892,0,0.041254,16165.577499464001,0.0,0.0
L,0,150,75,3,2,3,medium,aco,L150_P75_seed3_medium,not_milp,223.160572,3756.927737,7920.845744,0.006667,0.006667,337614.85666,0.594595,0,0.043414,15053.531345463993,0.0,0.0
L,0,150,75,3,2,3,medium,alns_fixed,L150_P75_seed3_medium,not_milp,225.999885,3559.284036,7923.575656,0.006667,0.006667,467435.794983,0.216216,0,0.007376,14539.706879184007,0.0,0.0
L,0,150,75,3,2,3,medium,alns_pinn,L150_P75_seed3_medium,not_milp,223.268381,3599.795552,7920.845744,0.006667,0.006667,296368.833136,0.891892,0,0.043521,16182.896494463997,0.0,0.0
L,0,150,75,3,2,3,medium,alns_pinn_uq,L150_P75_seed3_medium,not_milp,224.192264,3588.552408,7923.185514,0.0,0.0,296580.110943,0.891892,0,0.043167,16199.340713943999,0.0,0.0
L,0,150,75,3,2,3,medium,alns_pinn_full,L150_P75_seed3_medium,not_milp,224.83546,3740.729634,7923.185514,0.0,0.0,295589.328202,0.918919,0,0.041631,16232.322457944001,0.0,0.0
L,0,150,75,3,2,4,medium,greedy_nearest,L150_P75_seed4_medium,not_milp,227.506072,3502.595379,7918.194767,0.0,0.0,385766.791729,0.351351,0,0.00714,14798.989030441604,0.0,0.0
L,0,150,75,3,2,4,medium,ga,L150_P75_seed4_medium,not_milp,225.687923,3622.279254,7918.194767,0.0,0.0,246116.100228,0.864865,0,0.042638,16096.5071794416,0.0,0.0
L,0,150,75,3,2,4,medium,aco,L150_P75_seed4_medium,not_milp,226.433264,3636.501808,7918.194767,0.0,0.0,287046.427682,0.594595,0,0.04256,15073.158194441608,0.0,0.0
L,0,150,75,3,2,4,medium,alns_fixed,L150_P75_seed4_medium,not_milp,227.506072,3502.595379,7918.194767,0.0,0.0,385766.791729,0.351351,0,0.00764,14798.989030441604,0.0,0.0
L,0,150,75,3,2,4,medium,alns_pinn,L150_P75_seed4_medium,not_milp,225.860837,3626.95471,7918.194767,0.0,0.0,246274.040934,0.837838,0,0.045317,16099.7681114416,0.0,0.0
L,0,150,75,3,2,4,medium,alns_pinn_uq,L150_P75_seed4_medium,not_milp,226.257232,3768.258367,7918.194767,0.0,0.0,246430.045771,0.837838,0,0.041853,16104.653043441598,0.0,0.0
L,0,150,75,3,2,4,medium,alns_pinn_full,L150_P75_seed4_medium,not_milp,225.60024,3634.047406,7918.194767,0.0,0.0,244903.946744,0.891892,0,0.04586,16125.4188514416,0.0,0.0
L,0,150,75,3,2,5,medium,greedy_nearest,L150_P75_seed5_medium,not_milp,228.997073,3658.038034,7869.423106,0.0,0.0,448312.563801,0.189189,0,0.007939,15166.366122515998,0.0,0.0
L,0,150,75,3,2,5,medium,ga,L150_P75_seed5_medium,not_milp,224.472997,3639.938798,7869.423106,0.0,0.0,251840.89601,0.837838,0,0.043395,16368.480152515998,0.0,0.0
L,0,150,75,3,2,5,medium,aco,L150_P75_seed5_medium,not_milp,226.165937,3672.024495,7869.423106,0.0,0.0,301615.488713,0.567568,0,0.040967,15435.927579516001,0.0,0.0
L,0,150,75,3,2,5,medium,alns_fixed,L150_P75_seed5_medium,not_milp,228.997073,3658.038034,7869.423106,0.0,0.0,448312.563801,0.189189,0,0.0085,15166.366122515998,0.0,0.0
L,0,150,75,3,2,5,medium,alns_pinn,L150_P75_seed5_medium,not_milp,225.299333,3716.844769,7869.423106,0.0,0.0,252056.984854,0.837838,0,0.044292,16380.495875516002,0.0,0.0
L,0,150,75,3,2,5,medium,alns_pinn_uq,L150_P75_seed5_medium,not_milp,225.122962,3608.117495,7869.423106,0.0,0.0,252055.581621,0.864865,0,0.045746,16383.754156515999,0.0,0.0
L,0,150,75,3,2,5,medium,alns_pinn_full,L150_P75_seed5_medium,not_milp,223.51757,3705.953217,7869.423106,0.0,0.0,250344.156038,0.918919,0,0.04345,16397.248270515993,0.0,0.0
L,0,150,75,3,2,6,medium,greedy_nearest,L150_P75_seed6_medium,not_milp,231.963653,3720.737918,8196.675103,0.006667,0.006667,441670.871913,0.189189,0,0.006493,15051.029434220798,0.0,0.0
L,0,150,75,3,2,6,medium,ga,L150_P75_seed6_medium,not_milp,225.06581,3562.2347,8195.694116,0.006667,0.006667,274433.143691,0.864865,0,0.042923,16841.999892900807,0.0,0.0
L,0,150,75,3,2,6,medium,aco,L150_P75_seed6_medium,not_milp,228.660257,3706.252814,8195.694116,0.006667,0.006667,317951.666771,0.459459,0,0.041279,15577.015144900803,0.0,0.0
L,0,150,75,3,2,6,medium,alns_fixed,L150_P75_seed6_medium,not_milp,231.963653,3720.737918,8196.675103,0.006667,0.006667,441670.871913,0.189189,0,0.008153,15051.029434220798,0.0,0.0
L,0,150,75,3,2,6,medium,alns_pinn,L150_P75_seed6_medium,not_milp,224.627092,3821.367563,8195.694116,0.006667,0.006667,274576.045458,0.864865,0,0.042479,16853.747984900805,0.0,0.0
L,0,150,75,3,2,6,medium,alns_pinn_uq,L150_P75_seed6_medium,not_milp,226.137691,3532.837299,8198.319585,0.0,0.0,274991.838372,0.864865,0,0.042951,16886.686830380804,0.0,0.0
L,0,150,75,3,2,6,medium,alns_pinn_full,L150_P75_seed6_medium,not_milp,227.036466,3443.179752,8198.319585,0.0,0.0,273622.39608,0.864865,0,0.046945,16914.467167380804,0.0,0.0
L,0,150,75,3,2,7,medium,greedy_nearest,L150_P75_seed7_medium,not_milp,227.622868,3705.804855,8058.262422,0.006667,0.006667,462212.827825,0.324324,0,0.007996,14449.452840354394,0.0,0.0
L,0,150,75,3,2,7,medium,ga,L150_P75_seed7_medium,not_milp,225.710963,3586.907654,8051.923034,0.006667,0.006667,300711.566921,0.918919,0,0.041819,16238.581671514397,0.0,0.0
L,0,150,75,3,2,7,medium,aco,L150_P75_seed7_medium,not_milp,227.118344,3811.726997,8051.923034,0.006667,0.006667,350635.010072,0.432432,0,0.043581,14876.658862514403,0.0,0.0
L,0,150,75,3,2,7,medium,alns_fixed,L150_P75_seed7_medium,not_milp,227.622868,3705.804855,8058.262422,0.006667,0.006667,462212.827825,0.324324,0,0.007528,14449.452840354394,0.0,0.0
L,0,150,75,3,2,7,medium,alns_pinn,L150_P75_seed7_medium,not_milp,224.1045,3767.185355,8051.923034,0.006667,0.006667,300845.874431,0.918919,0,0.041329,16252.7556035144,0.0,0.0
L,0,150,75,3,2,7,medium,alns_pinn_uq,L150_P75_seed7_medium,not_milp,224.653236,3927.241986,8054.243772,0.0,0.0,300883.246617,0.918919,0,0.043434,16254.827768874406,0.0,0.0
L,0,150,75,3,2,7,medium,alns_pinn_full,L150_P75_seed7_medium,not_milp,222.739591,3692.709023,8054.319595,0.0,0.0,298634.789069,0.945946,0,0.046155,16249.661411354395,0.0,0.0
L,0,150,75,3,2,8,medium,greedy_nearest,L150_P75_seed8_medium,not_milp,234.332076,3595.192408,7869.788325,0.006667,0.006667,490768.46822,0.216216,0,0.006974,14883.6708225568,0.0,0.0
L,0,150,75,3,2,8,medium,ga,L150_P75_seed8_medium,not_milp,228.913105,3785.88299,7868.41857,0.006667,0.006667,318692.140471,0.837838,0,0.043103,16595.065822956796,0.0,0.0
L,0,150,75,3,2,8,medium,aco,L150_P75_seed8_medium,not_milp,227.334041,3764.417926,7868.41857,0.006667,0.006667,371570.472092,0.513514,0,0.042477,15339.725531956798,0.0,0.0
L,0,150,75,3,2,8,medium,alns_fixed,L150_P75_seed8_medium,not_milp,234.332076,3595.192408,7869.788325,0.006667,0.006667,490768.46822,0.216216,0,0.00797,14883.6708225568,0.0,0.0
L,0,150,75,3,2,8,medium,alns_pinn,L150_P75_seed8_medium,not_milp,228.320283,3736.485587,7868.41857,0.006667,0.006667,319104.589476,0.837838,0,0.045146,16609.567739956794,0.0,0.0
L,0,150,75,3,2,8,medium,alns_pinn_uq,L150_P75_seed8_medium,not_milp,228.642831,3824.592572,7870.754003,0.0,0.0,319537.714141,0.837838,0,0.04206,16634.646681516795,0.0,0.0
L,0,150,75,3,2,8,medium,alns_pinn_full,L150_P75_seed8_medium,not_milp,230.037862,3616.700865,7870.754003,0.0,0.0,318097.350525,0.864865,0,0.046419,16657.377202516796,0.0,0.0
L,0,150,75,3,2,9,medium,greedy_nearest,L150_P75_seed9_medium,not_milp,221.966879,3711.067362,7819.164491,0.006667,0.006667,483451.399685,0.135135,0,0.00669,14555.315179687192,0.0,0.0
L,0,150,75,3,2,9,medium,ga,L150_P75_seed9_medium,not_milp,219.228694,3990.010518,7819.164491,0.006667,0.006667,284302.775833,0.864865,0,0.042704,15891.183030687196,0.0,0.0
L,0,150,75,3,2,9,medium,aco,L150_P75_seed9_medium,not_milp,225.988069,3746.548065,7819.164491,0.006667,0.006667,353202.998199,0.432432,0,0.044923,14821.652465687202,0.0,0.0
L,0,150,75,3,2,9,medium,alns_fixed,L150_P75_seed9_medium,not_milp,221.966879,3711.067362,7819.164491,0.006667,0.006667,483451.399685,0.135135,0,0.007837,14555.315179687192,0.0,0.0
L,0,150,75,3,2,9,medium,alns_pinn,L150_P75_seed9_medium,not_milp,218.087264,3816.953267,7819.164491,0.006667,0.006667,284482.048797,0.864865,0,0.043475,15898.6112966872,0.0,0.0
L,0,150,75,3,2,9,medium,alns_pinn_uq,L150_P75_seed9_medium,not_milp,218.6031,3916.886806,7821.396091,0.0,0.0,284589.111489,0.864865,0,0.043344,15904.818298727201,0.0,0.0
L,0,150,75,3,2,9,medium,alns_pinn_full,L150_P75_seed9_medium,not_milp,220.84668,3851.276594,7821.396091,0.0,0.0,283239.21265,0.891892,0,0.044122,15941.142298727196,0.0,0.0
L,1,200,100,4,3,0,medium,greedy_nearest,L200_P100_seed0_medium,not_milp,149.944058,6624.985868,9754.455183,0.0,0.0,385292.283447,0.2,0,0.012333,13152.280228402393,0.0,0.0
L,1,200,100,4,3,0,medium,ga,L200_P100_seed0_medium,not_milp,151.209225,6585.954306,9754.393247,0.0,0.0,244295.602153,0.88,0,0.074664,14276.0776812024,0.0,0.0
L,1,200,100,4,3,0,medium,aco,L200_P100_seed0_medium,not_milp,152.076017,6398.380306,9754.393247,0.0,0.0,286334.256431,0.54,0,0.074513,13425.806187202399,0.0,0.0
L,1,200,100,4,3,0,medium,alns_fixed,L200_P100_seed0_medium,not_milp,149.944058,6624.985868,9754.455183,0.0,0.0,385292.283447,0.2,0,0.012986,13152.280228402393,0.0,0.0
L,1,200,100,4,3,0,medium,alns_pinn,L200_P100_seed0_medium,not_milp,151.675346,6714.439273,9754.393247,0.0,0.0,244396.694668,0.88,0,0.075084,14286.409797202396,0.0,0.0
L,1,200,100,4,3,0,medium,alns_pinn_uq,L200_P100_seed0_medium,not_milp,150.754521,6421.513557,9754.393247,0.0,0.0,244411.063885,0.88,0,0.074492,14288.7521562024,0.0,0.0
L,1,200,100,4,3,0,medium,alns_pinn_full,L200_P100_seed0_medium,not_milp,151.612283,6353.017243,9754.393247,0.0,0.0,242847.437542,0.92,0,0.077929,14304.875357202398,0.0,0.0
L,1,200,100,4,3,1,medium,greedy_nearest,L200_P100_seed1_medium,not_milp,152.488328,6584.874833,10737.52427,0.0,0.0,461879.215466,0.16,0,0.012304,13029.765049665595,0.0,0.0
L,1,200,100,4,3,1,medium,ga,L200_P100_seed1_medium,not_milp,148.798954,6635.028417,10705.63947,0.0,0.0,270385.554863,0.9,0,0.076011,14583.369220985602,0.0,0.0
L,1,200,100,4,3,1,medium,aco,L200_P100_seed1_medium,not_milp,151.046437,6338.551989,10705.63947,0.0,0.0,336939.073458,0.46,0,0.076581,13504.572264985594,0.0,0.0
L,1,200,100,4,3,1,medium,alns_fixed,L200_P100_seed1_medium,not_milp,152.488328,6584.874833,10737.52427,0.0,0.0,461879.215466,0.16,0,0.012604,13029.765049665595,0.0,0.0
L,1,200,100,4,3,1,medium,alns_pinn,L200_P100_seed1_medium,not_milp,148.177253,6393.833788,10705.63947,0.0,0.0,270575.486312,0.9,0,0.079898,14594.460917985607,0.0,0.0
L,1,200,100,4,3,1,medium,alns_pinn_uq,L200_P100_seed1_medium,not_milp,148.012818,6495.850241,10705.63947,0.0,0.0,270652.620592,0.9,0,0.076542,14597.837263985606,0.0,0.0
L,1,200,100,4,3,1,medium,alns_pinn_full,L200_P100_seed1_medium,not_milp,148.237862,6535.956327,10705.63947,0.0,0.0,269446.685281,0.94,0,0.080368,14606.730717985602,0.0,0.0
L,1,200,100,4,3,2,medium,greedy_nearest,L200_P100_seed2_medium,not_milp,155.363349,6430.318135,9859.813873,0.0,0.0,372384.904815,0.28,0,0.01284,13142.462515792793,0.0,0.0
L,1,200,100,4,3,2,medium,ga,L200_P100_seed2_medium,not_milp,151.278259,6400.930448,9859.813873,0.0,0.0,230704.267327,0.9,0,0.073356,14357.808345792804,0.0,0.0
L,1,200,100,4,3,2,medium,aco,L200_P100_seed2_medium,not_milp,151.49586,6187.842513,9859.813873,0.0,0.0,277611.419061,0.5,0,0.076569,13341.866711792796,0.0,0.0
L,1,200,100,4,3,2,medium,alns_fixed,L200_P100_seed2_medium,not_milp,155.363349,6430.318135,9859.813873,0.0,0.0,372384.904815,0.28,0,0.01316,13142.462515792793,0.0,0.0
L,1,200,100,4,3,2,medium,alns_pinn,L200_P100_seed2_medium,not_milp,151.492962,6100.034531,9859.813873,0.0,0.0,230879.882665,0.9,0,0.076363,14374.296927792793,0.0,0.0
L,1,200,100,4,3,2,medium,alns_pinn_uq,L200_P100_seed2_medium,not_milp,151.218555,6024.858389,9859.813873,0.0,0.0,230899.054059,0.9,0,0.076338,14376.748722792798,0.0,0.0
L,1,200,100,4,3,2,medium,alns_pinn_full,L200_P100_seed2_medium,not_milp,152.118337,6202.308897,9859.813873,0.0,0.0,229564.632712,0.9,0,0.079514,14399.232059792796,0.0,0.0
L,1,200,100,4,3,3,medium,greedy_nearest,L200_P100_seed3_medium,not_milp,152.763181,6563.312998,10164.306716,0.0,0.0,463478.513994,0.28,0,0.01225,12955.140934541601,0.0,0.0
L,1,200,100,4,3,3,medium,ga,L200_P100_seed3_medium,not_milp,153.627215,6236.158192,10164.306716,0.0,0.0,287211.511208,0.88,0,0.074383,14261.721955541603,0.0,0.0
L,1,200,100,4,3,3,medium,aco,L200_P100_seed3_medium,not_milp,154.377483,6485.750054,10164.306716,0.0,0.0,341951.264087,0.52,0,0.074437,13320.790365541596,0.0,0.0
L,1,200,100,4,3,3,medium,alns_fixed,L200_P100_seed3_medium,not_milp,152.763181,6563.312998,10164.306716,0.0,0.0,463478.513994,0.28,0,0.012787,12955.140934541601,0.0,0.0
L,1,200,100,4,3,3,medium,alns_pinn,L200_P100_seed3_medium,not_milp,152.456787,5956.564539,10164.306716,0.0,0.0,287412.091683,0.88,0,0.073995,14272.931503541595,0.0,0.0
L,1,200,100,4,3,3,medium,alns_pinn_uq,L200_P100_seed3_medium,not_milp,152.523761,6762.872906,10164.306716,0.0,0.0,287460.679521,0.88,0,0.071791,14274.875630541601,0.0,0.0
L,1,200,100,4,3,3,medium,alns_pinn_full,L200_P100_seed3_medium,not_milp,152.826272,6543.442433,10164.306716,0.0,0.0,286474.092408,0.9,0,0.077641,14290.115054541597,0.0,0.0
L,1,200,100,4,3,4,medium,greedy_nearest,L200_P100_seed4_medium,not_milp,152.381412,6344.391253,10132.174739,0.0,0.0,391031.774273,0.26,0,0.011139,13072.739623512798,0.0,0.0
L,1,200,100,4,3,4,medium,ga,L200_P100_seed4_medium,not_milp,152.931658,6126.682278,10127.278826,0.0,0.0,239868.425823,0.9,0,0.074439,14069.689059432802,0.0,0.0
L,1,200,100,4,3,4,medium,aco,L200_P100_seed4_medium,not_milp,154.29407,6467.282891,10127.278826,0.0,0.0,283426.460214,0.54,0,0.074109,13238.803706432795,0.0,0.0
L,1,200,100,4,3,4,medium,alns_fixed,L200_P100_seed4_medium,not_milp,152.381412,6344.391253,10132.174739,0.0,0.0,391031.774273,0.26,0,0.013633,13072.739623512798,0.0,0.0
L,1,200,100,4,3,4,medium,alns_pinn,L200_P100_seed4_medium,not_milp,151.861846,6307.577181,10127.278826,0.0,0.0,239840.202197,0.9,0,0.07651,14079.369835432793,0.0,0.0
L,1,200,100,4,3,4,medium,alns_pinn_uq,L200_P100_seed4_medium,not_milp,151.584408,6612.579375,10127.278826,0.0,0.0,239827.963237,0.92,0,0.0759,14081.258136432803,0.0,0.0
L,1,200,100,4,3,4,medium,alns_pinn_full,L200_P100_seed4_medium,not_milp,152.899716,6495.253247,10127.311026,0.0,0.0,238164.52862,0.94,0,0.090243,14081.1344726328,0.0,0.0
L,1,200,100,4,3,5,medium,greedy_nearest,L200_P100_seed5_medium,not_milp,153.407861,6420.266552,10470.755029,0.0,0.0,399934.528169,0.28,0,0.014253,13063.563088138399,0.0,0.0
L,1,200,100,4,3,5,medium,ga,L200_P100_seed5_medium,not_milp,149.939235,6128.394365,10460.993281,0.0,0.0,249511.871067,0.88,0,0.076478,14080.855899498398,0.0,0.0
L,1,200,100,4,3,5,medium,aco,L200_P100_seed5_medium,not_milp,150.363884,6153.835067,10460.993281,0.0,0.0,289265.134859,0.54,0,0.07688,13187.450173498402,0.0,0.0
L,1,200,100,4,3,5,medium,alns_fixed,L200_P100_seed5_medium,not_milp,153.407861,6420.266552,10470.755029,0.0,0.0,399934.528169,0.28,0,0.014271,13063.563088138399,0.0,0.0
L,1,200,100,4,3,5,medium,alns_pinn,L200_P100_seed5_medium,not_milp,149.701792,6183.933476,10460.993281,0.0,0.0,249593.337535,0.88,0,0.075338,14088.490322498401,0.0,0.0
L,1,200,100,4,3,5,medium,alns_pinn_uq,L200_P100_seed5_medium,not_milp,149.715057,6299.516543,10460.993281,0.0,0.0,249655.364021,0.86,0,0.074057,14090.88114849839,0.0,0.0
L,1,200,100,4,3,5,medium,alns_pinn_full,L200_P100_seed5_medium,not_milp,149.516665,6583.622559,10460.993281,0.0,0.0,247392.413958,0.92,0,0.079073,14074.7534554984,0.0,0.0
L,1,200,100,4,3,6,medium,greedy_nearest,L200_P100_seed6_medium,not_milp,150.409795,6194.563364,11085.351435,0.0,0.0,424700.250663,0.22,0,0.013566,13154.637911551199,0.0,0.0
L,1,200,100,4,3,6,medium,ga,L200_P100_seed6_medium,not_milp,151.397957,6463.782695,11075.122637,0.0,0.0,247593.071501,0.88,0,0.076039,14452.465631871199,0.0,0.0
L,1,200,100,4,3,6,medium,aco,L200_P100_seed6_medium,not_milp,150.116195,6451.828131,11075.122637,0.0,0.0,305633.583547,0.44,0,0.073858,13421.805197871203,0.0,0.0
L,1,200,100,4,3,6,medium,alns_fixed,L200_P100_seed6_medium,not_milp,150.409795,6194.563364,11085.351435,0.0,0.0,424700.250663,0.22,0,0.013474,13154.637911551199,0.0,0.0
L,1,200,100,4,3,6,medium,alns_pinn,L200_P100_seed6_medium,not_milp,149.927471,6470.926555,11075.122637,0.0,0.0,247810.836955,0.88,0,0.077522,14464.447502871195,0.0,0.0
L,1,200,100,4,3,6,medium,alns_pinn_uq,L200_P100_seed6_medium,not_milp,150.164181,6428.836728,11075.122637,0.0,0.0,247901.121456,0.88,0,0.072383,14470.981777871204,0.0,0.0
L,1,200,100,4,3,6,medium,alns_pinn_full,L200_P100_seed6_medium,not_milp,150.036251,6516.269267,11075.122637,0.0,0.0,246521.383022,0.92,0,0.076853,14478.126378871193,0.0,0.0
L,1,200,100,4,3,7,medium,greedy_nearest,L200_P100_seed7_medium,not_milp,151.572555,6220.953458,10301.763699,0.0,0.0,437658.720964,0.2,0,0.012832,12832.387229159203,0.0,0.0
L,1,200,100,4,3,7,medium,ga,L200_P100_seed7_medium,not_milp,151.371731,6156.005422,10301.763699,0.0,0.0,266453.979579,0.9,0,0.072477,14177.678355159193,0.0,0.0
L,1,200,100,4,3,7,medium,aco,L200_P100_seed7_medium,not_milp,151.091247,6623.665383,10301.763699,0.0,0.0,323725.505413,0.44,0,0.072829,13157.216424159198,0.0,0.0
L,1,200,100,4,3,7,medium,alns_fixed,L200_P100_seed7_medium,not_milp,151.572555,6220.953458,10301.763699,0.0,0.0,437658.720964,0.2,0,0.012208,12832.387229159203,0.0,0.0
L,1,200,100,4,3,7,medium,alns_pinn,L200_P100_seed7_medium,not_milp,151.066914,6347.15505,10301.763699,0.0,0.0,266559.236766,0.9,0,0.0767,14182.847627159199,0.0,0.0
L,1,200,100,4,3,7,medium,alns_pinn_uq,L200_P100_seed7_medium,not_milp,151.028792,6082.018954,10301.763699,0.0,0.0,266701.361124,0.9,0,0.073584,14189.111781159198,0.0,0.0
L,1,200,100,4,3,7,medium,alns_pinn_full,L200_P100_seed7_medium,not_milp,151.009183,6309.558174,10301.763699,0.0,0.0,265186.722487,0.92,0,0.087616,14203.121782159194,0.0,0.0
L,1,200,100,4,3,8,medium,greedy_nearest,L200_P100_seed8_medium,not_milp,155.728217,6490.278714,10252.075275,0.0,0.0,420640.039463,0.26,0,0.012345,12776.859569479999,0.0,0.0
L,1,200,100,4,3,8,medium,ga,L200_P100_seed8_medium,not_milp,151.946192,6163.569303,10251.102526,0.0,0.0,254388.50746,0.86,0,0.074181,14190.195848039997,0.0,0.0
L,1,200,100,4,3,8,medium,aco,L200_P100_seed8_medium,not_milp,152.048113,6194.63631,10251.102526,0.0,0.0,296802.318639,0.46,0,0.072827,13159.333281039997,0.0,0.0
L,1,200,100,4,3,8,medium,alns_fixed,L200_P100_seed8_medium,not_milp,155.728217,6490.278714,10252.075275,0.0,0.0,420640.039463,0.26,0,0.012439,12776.859569479999,0.0,0.0
L,1,200,100,4,3,8,medium,alns_pinn,L200_P100_seed8_medium,not_milp,152.479425,6241.744746,10251.102526,0.0,0.0,254558.891006,0.88,0,0.074408,14199.209072040003,0.0,0.0
L,1,200,100,4,3,8,medium,alns_pinn_uq,L200_P100_seed8_medium,not_milp,152.127137,6149.62013,10251.102526,0.0,0.0,254682.01491,0.88,0,0.074035,14203.697370040001,0.0,0.0
L,1,200,100,4,3,8,medium,alns_pinn_full,L200_P100_seed8_medium,not_milp,152.045136,6481.958629,10251.102526,0.0,0.0,252949.284474,0.92,0,0.078337,14208.724794040005,0.0,0.0
L,1,200,100,4,3,9,medium,greedy_nearest,L200_P100_seed9_medium,not_milp,153.074123,6354.481501,11128.676278,0.0,0.0,408910.58879,0.2,0,0.0121,13476.7348892736,0.0,0.0
L,1,200,100,4,3,9,medium,ga,L200_P100_seed9_medium,not_milp,153.294035,6258.269282,11123.083849,0.0,0.0,255573.266303,0.92,0,0.073232,14616.8127935536,0.0,0.0
L,1,200,100,4,3,9,medium,aco,L200_P100_seed9_medium,not_milp,154.326544,6753.038115,11123.083849,0.0,0.0,306008.273559,0.46,0,0.076895,13767.672137553596,0.0,0.0
L,1,200,100,4,3,9,medium,alns_fixed,L200_P100_seed9_medium,not_milp,153.074123,6354.481501,11128.676278,0.0,0.0,408910.58879,0.2,0,0.01316,13476.7348892736,0.0,0.0
L,1,200,100,4,3,9,medium,alns_pinn,L200_P100_seed9_medium,not_milp,151.736094,6551.442646,11123.083849,0.0,0.0,255670.688641,0.92,0,0.07695,14627.2129405536,0.0,0.0
L,1,200,100,4,3,9,medium,alns_pinn_uq,L200_P100_seed9_medium,not_milp,151.33723,6472.886449,11123.083849,0.0,0.0,255710.80645,0.92,0,0.072574,14628.634151553595,0.0,0.0
L,1,200,100,4,3,9,medium,alns_pinn_full,L200_P100_seed9_medium,not_milp,151.902966,5947.006756,11123.083849,0.0,0.0,254346.415032,0.92,0,0.079122,14645.043481553608,0.0,0.0
L,2,300,150,5,3,0,medium,greedy_nearest,L300_P150_seed0_medium,not_milp,187.312556,13196.915606,16043.12644,0.006667,0.006667,825879.73509,0.2,0,0.02727,23862.486640708,0.0,0.0
L,2,300,150,5,3,0,medium,ga,L300_P150_seed0_medium,not_milp,182.468583,13104.118225,16043.12644,0.006667,0.006667,470859.817887,0.906667,0,0.16888,26412.56015770799,0.0,0.0
L,2,300,150,5,3,0,medium,aco,L300_P150_seed0_medium,not_milp,184.56402,13561.225337,16043.12644,0.006667,0.006667,568587.628065,0.533333,0,0.162577,24516.050330708,0.0,0.0
L,2,300,150,5,3,0,medium,alns_fixed,L300_P150_seed0_medium,not_milp,187.312556,13196.915606,16043.12644,0.006667,0.006667,825879.73509,0.2,0,0.027019,23862.486640708,0.0,0.0
L,2,300,150,5,3,0,medium,alns_pinn,L300_P150_seed0_medium,not_milp,182.156521,12898.121037,16043.12644,0.006667,0.006667,471130.564765,0.906667,0,0.171937,26425.41151970801,0.0,0.0
L,2,300,150,5,3,0,medium,alns_pinn_uq,L300_P150_seed0_medium,not_milp,181.783041,13278.763677,16047.794455,0.0,0.0,471866.486427,0.906667,0,0.178707,26466.436299868004,0.0,0.0
L,2,300,150,5,3,0,medium,alns_pinn_full,L300_P150_seed0_medium,not_milp,180.259785,13054.583796,16047.794455,0.0,0.0,468546.307584,0.946667,0,0.181546,26475.125507868,0.0,0.0
L,2,300,150,5,3,1,medium,greedy_nearest,L300_P150_seed1_medium,not_milp,190.098361,13501.875272,15045.070755,0.006667,0.006667,773048.163278,0.213333,0,0.030235,23592.284637975208,0.0,0.0
L,2,300,150,5,3,1,medium,ga,L300_P150_seed1_medium,not_milp,182.196016,13379.219685,15044.464813,0.006667,0.006667,461322.962208,0.84,0,0.188012,26258.937905815194,0.0,0.0
L,2,300,150,5,3,1,medium,aco,L300_P150_seed1_medium,not_milp,191.64608,12840.852,15044.464813,0.006667,0.006667,556407.314662,0.48,0,0.16804,24292.758869815192,0.0,0.0
L,2,300,150,5,3,1,medium,alns_fixed,L300_P150_seed1_medium,not_milp,190.098361,13501.875272,15045.070755,0.006667,0.006667,773048.163278,0.213333,0,0.025754,23592.284637975208,0.0,0.0
L,2,300,150,5,3,1,medium,alns_pinn,L300_P150_seed1_medium,not_milp,182.647283,12269.876257,15044.464813,0.006667,0.006667,461748.220731,0.853333,0,0.165639,26290.0950008152,0.0,0.0
L,2,300,150,5,3,1,medium,alns_pinn_uq,L300_P150_seed1_medium,not_milp,182.708272,13433.732292,15049.321489,0.0,0.0,461936.272894,0.853333,0,0.165134,26314.290892775207,0.0,0.0
L,2,300,150,5,3,1,medium,alns_pinn_full,L300_P150_seed1_medium,not_milp,183.043448,13375.904407,15049.321489,0.0,0.0,459729.140552,0.893333,0,0.172834,26359.570375775194,0.0,0.0
L,2,300,150,5,3,2,medium,greedy_nearest,L300_P150_seed2_medium,not_milp,187.578818,13035.42585,15607.319056,0.0,0.0,789039.472661,0.253333,0,0.025566,23982.5793733576,0.0,0.0
L,2,300,150,5,3,2,medium,ga,L300_P150_seed2_medium,not_milp,184.519981,12938.389454,15607.049404,0.0,0.0,501779.93788,0.88,0,0.164518,26051.986723757607,0.0,0.0
L,2,300,150,5,3,2,medium,aco,L300_P150_seed2_medium,not_milp,186.286909,13337.623174,15607.049404,0.0,0.0,586728.084067,0.52,0,0.168713,24528.122715757603,0.0,0.0
L,2,300,150,5,3,2,medium,alns_fixed,L300_P150_seed2_medium,not_milp,187.578818,13035.42585,15607.319056,0.0,0.0,789039.472661,0.253333,0,0.028924,23982.5793733576,0.0,0.0
L,2,300,150,5,3,2,medium,alns_pinn,L300_P150_seed2_medium,not_milp,184.60662,13161.577882,15607.049404,0.0,0.0,502227.698828,0.866667,0,0.168057,26078.2749627576,0.0,0.0
L,2,300,150,5,3,2,medium,alns_pinn_uq,L300_P150_seed2_medium,not_milp,184.803156,13991.624432,15607.049404,0.0,0.0,502300.083167,0.866667,0,0.162733,26081.525881757596,0.0,0.0
L,2,300,150,5,3,2,medium,alns_pinn_full,L300_P150_seed2_medium,not_milp,184.101484,13542.320674,15607.049404,0.0,0.0,499342.476645,0.946667,0,0.176894,26106.130939757604,0.0,0.0
L,2,300,150,5,3,3,medium,greedy_nearest,L300_P150_seed3_medium,not_milp,188.156604,13383.405727,16908.247157,0.006667,0.006667,749348.214414,0.24,0,0.025917,23811.98747212,0.0,0.0
L,2,300,150,5,3,3,medium,ga,L300_P150_seed3_medium,not_milp,184.877471,13396.820763,16903.702147,0.006667,0.006667,446412.43336,0.893333,0,0.164692,26300.416188320018,0.0,0.0
L,2,300,150,5,3,3,medium,aco,L300_P150_seed3_medium,not_milp,187.543754,13552.774192,16903.702147,0.006667,0.006667,534404.483412,0.493333,0,0.16589,24396.816501320005,0.0,0.0
L,2,300,150,5,3,3,medium,alns_fixed,L300_P150_seed3_medium,not_milp,188.156604,13383.405727,16908.247157,0.006667,0.006667,749348.214414,0.24,0,0.028127,23811.98747212,0.0,0.0
L,2,300,150,5,3,3,medium,alns_pinn,L300_P150_seed3_medium,not_milp,185.036802,13786.880978,16903.702147,0.006667,0.006667,446666.35077,0.906667,0,0.171477,26321.394592319994,0.0,0.0
L,2,300,150,5,3,3,medium,alns_pinn_uq,L300_P150_seed3_medium,not_milp,185.752775,12584.38736,16908.731001,0.0,0.0,447004.923825,0.906667,0,0.181499,26345.41223804002,0.0,0.0
L,2,300,150,5,3,3,medium,alns_pinn_full,L300_P150_seed3_medium,not_milp,185.458274,13739.080493,16908.731001,0.0,0.0,444491.294282,0.946667,0,0.176948,26364.698911040003,0.0,0.0
L,2,300,150,5,3,4,medium,greedy_nearest,L300_P150_seed4_medium,not_milp,193.259546,14271.546201,15738.951182,0.003333,0.003333,707027.774473,0.266667,37.6605,0.026631,24403.593309669595,0.0,0.0
L,2,300,150,5,3,4,medium,ga,L300_P150_seed4_medium,not_milp,186.940719,12791.35741,15728.041685,0.003333,0.003333,443057.258882,0.853333,37.6605,0.166139,26463.143615949593,0.0,0.0
L,2,300,150,5,3,4,medium,aco,L300_P150_seed4_medium,not_milp,191.943416,13835.607963,15728.041685,0.003333,0.003333,514122.288641,0.493333,37.6605,0.165072,24923.7677089496,0.0,0.0
L,2,300,150,5,3,4,medium,alns_fixed,L300_P150_seed4_medium,not_milp,193.259546,14271.546201,15738.951182,0.003333,0.003333,707027.774473,0.266667,37.6605,0.026058,24403.593309669595,0.0,0.0
L,2,300,150,5,3,4,medium,alns_pinn,L300_P150_seed4_medium,not_milp,186.963091,13269.270681,15728.041685,0.003333,0.003333,443360.100038,0.866667,37.6605,0.16248,26482.147511949588,0.0,0.0
L,2,300,150,5,3,4,medium,alns_pinn_uq,L300_P150_seed4_medium,not_milp,187.45596,13407.190522,15730.703831,0.0,0.0,443581.2077,0.866667,0,0.167142,26491.027414629596,0.0,0.0
L,2,300,150,5,3,4,medium,alns_pinn_full,L300_P150_seed4_medium,not_milp,187.347764,13417.790323,15730.703831,0.0,0.0,439571.259449,0.906667,0,0.178559,26502.11297662961,0.0,0.0
L,2,300,150,5,3,5,medium,greedy_nearest,L300_P150_seed5_medium,not_milp,178.951568,13503.512827,15564.810167,0.006667,0.006667,743372.853723,0.213333,0,0.025894,22720.69031721441,0.0,0.0
L,2,300,150,5,3,5,medium,ga,L300_P150_seed5_medium,not_milp,177.227365,13274.22685,15563.783536,0.006667,0.006667,486563.499068,0.853333,0,0.165172,25528.237080254406,0.0,0.0
L,2,300,150,5,3,5,medium,aco,L300_P150_seed5_medium,not_milp,180.330564,13689.986806,15563.783536,0.006667,0.006667,567997.522147,0.426667,0,0.168747,23288.520650254406,0.0,0.0
L,2,300,150,5,3,5,medium,alns_fixed,L300_P150_seed5_medium,not_milp,178.951568,13503.512827,15564.810167,0.006667,0.006667,743372.853723,0.213333,0,0.028982,22720.69031721441,0.0,0.0
L,2,300,150,5,3,5,medium,alns_pinn,L300_P150_seed5_medium,not_milp,177.15096,14249.533227,15563.783536,0.006667,0.006667,486872.705866,0.853333,0,0.168376,25553.068003254404,0.0,0.0
L,2,300,150,5,3,5,medium,alns_pinn_uq,L300_P150_seed5_medium,not_milp,177.319006,13991.329644,15568.205762,0.0,0.0,487064.883644,0.853333,0,0.168827,25570.150348174404,0.0,0.0
L,2,300,150,5,3,5,medium,alns_pinn_full,L300_P150_seed5_medium,not_milp,177.431499,13411.493369,15568.205762,0.0,0.0,484512.497144,0.906667,0,0.177466,25613.254949174396,0.0,0.0
L,2,300,150,5,3,6,medium,greedy_nearest,L300_P150_seed6_medium,not_milp,186.246839,13400.594257,15923.940362,0.006667,0.006667,731101.505215,0.253333,0,0.031787,23319.7872507608,0.0,0.0
L,2,300,150,5,3,6,medium,ga,L300_P150_seed6_medium,not_milp,178.170589,13532.505303,15915.858194,0.006667,0.006667,452474.609936,0.866667,0,0.176102,25377.675212880815,0.0,0.0
L,2,300,150,5,3,6,medium,aco,L300_P150_seed6_medium,not_milp,186.143157,13280.132604,15915.858194,0.006667,0.006667,539278.666796,0.493333,0,0.163897,23776.129587880794,0.0,0.0
L,2,300,150,5,3,6,medium,alns_fixed,L300_P150_seed6_medium,not_milp,186.246839,13400.594257,15923.940362,0.006667,0.006667,731101.505215,0.253333,0,0.026938,23319.7872507608,0.0,0.0
L,2,300,150,5,3,6,medium,alns_pinn,L300_P150_seed6_medium,not_milp,178.144384,14105.110589,15915.858194,0.006667,0.006667,453021.987306,0.853333,0,0.173048,25398.890158880768,0.0,0.0
L,2,300,150,5,3,6,medium,alns_pinn_uq,L300_P150_seed6_medium,not_milp,178.931839,13788.711116,15920.465153,0.0,0.0,453448.415606,0.853333,0,0.169668,25424.725296360797,0.0,0.0
L,2,300,150,5,3,6,medium,alns_pinn_full,L300_P150_seed6_medium,not_milp,177.22995,13689.317286,15920.465153,0.0,0.0,450505.730471,0.933333,0,0.181071,25437.766710360796,0.0,0.0
L,2,300,150,5,3,7,medium,greedy_nearest,L300_P150_seed7_medium,not_milp,191.243739,13687.481061,15045.81991,0.006667,0.006667,780075.457413,0.306667,0,0.026638,24096.95365641361,0.0,0.0
L,2,300,150,5,3,7,medium,ga,L300_P150_seed7_medium,not_milp,186.993524,13902.846676,15045.421061,0.006667,0.006667,473373.945862,0.893333,0,0.166256,26371.323756853595,0.0,0.0
L,2,300,150,5,3,7,medium,aco,L300_P150_seed7_medium,not_milp,190.291643,13628.912907,15045.421061,0.006667,0.006667,562003.383411,0.573333,0,0.167394,24672.551445853598,0.0,0.0
L,2,300,150,5,3,7,medium,alns_fixed,L300_P150_seed7_medium,not_milp,191.243739,13687.481061,15045.81991,0.006667,0.006667,780075.457413,0.306667,0,0.027309,24096.95365641361,0.0,0.0
L,2,300,150,5,3,7,medium,alns_pinn,L300_P150_seed7_medium,not_milp,186.370344,13726.047598,15045.421061,0.006667,0.006667,473812.913276,0.893333,0,0.166323,26401.195375853593,0.0,0.0
L,2,300,150,5,3,7,medium,alns_pinn_uq,L300_P150_seed7_medium,not_milp,187.08978,13000.065619,15050.33445,0.0,0.0,473914.217863,0.893333,0,0.167924,26410.313450453585,0.0,0.0
L,2,300,150,5,3,7,medium,alns_pinn_full,L300_P150_seed7_medium,not_milp,186.432842,13215.734661,15050.33445,0.0,0.0,471317.070854,0.933333,0,0.177775,26443.021648453596,0.0,0.0
L,2,300,150,5,3,8,medium,greedy_nearest,L300_P150_seed8_medium,not_milp,184.051601,13623.569596,15306.467692,0.003333,0.003333,690591.151614,0.266667,0,0.02618,23455.430907528804,0.0,0.0
L,2,300,150,5,3,8,medium,ga,L300_P150_seed8_medium,not_milp,180.089698,13950.022556,15305.093242,0.003333,0.003333,408118.097546,0.906667,0,0.162644,25818.239702688796,0.0,0.0
L,2,300,150,5,3,8,medium,aco,L300_P150_seed8_medium,not_milp,181.484396,13264.071809,15305.093242,0.003333,0.003333,487664.416241,0.56,0,0.16318,24087.105646688808,0.0,0.0
L,2,300,150,5,3,8,medium,alns_fixed,L300_P150_seed8_medium,not_milp,184.051601,13623.569596,15306.467692,0.003333,0.003333,690591.151614,0.266667,0,0.028855,23455.430907528804,0.0,0.0
L,2,300,150,5,3,8,medium,alns_pinn,L300_P150_seed8_medium,not_milp,179.483585,13766.683285,15305.093242,0.003333,0.003333,408437.594639,0.906667,0,0.165765,25840.66086768881,0.0,0.0
L,2,300,150,5,3,8,medium,alns_pinn_uq,L300_P150_seed8_medium,not_milp,179.900988,13820.130481,15307.276829,0.0,0.0,408998.199799,0.906667,0,0.16612,25869.979547208804,0.0,0.0
L,2,300,150,5,3,8,medium,alns_pinn_full,L300_P150_seed8_medium,not_milp,178.921232,13368.356876,15307.276829,0.0,0.0,406819.376031,0.946667,0,0.175087,25891.81039220879,0.0,0.0
L,2,300,150,5,3,9,medium,greedy_nearest,L300_P150_seed9_medium,not_milp,184.961393,12871.168222,14833.17294,0.003333,0.003333,782839.922068,0.186667,0,0.025521,23445.48019713361,0.0,0.0
L,2,300,150,5,3,9,medium,ga,L300_P150_seed9_medium,not_milp,182.423241,13665.409573,14832.017216,0.003333,0.003333,487791.634553,0.893333,0,0.168088,25450.539672733605,0.0,0.0
L,2,300,150,5,3,9,medium,aco,L300_P150_seed9_medium,not_milp,181.697405,13826.325137,14832.017216,0.003333,0.003333,588521.82785,0.413333,0,0.16481,23820.3639407336,0.0,0.0
L,2,300,150,5,3,9,medium,alns_fixed,L300_P150_seed9_medium,not_milp,184.961393,12871.168222,14833.17294,0.003333,0.003333,782839.922068,0.186667,0,0.027681,23445.48019713361,0.0,0.0
L,2,300,150,5,3,9,medium,alns_pinn,L300_P150_seed9_medium,not_milp,182.697107,14065.055767,14832.017216,0.003333,0.003333,488190.56809,0.893333,0,0.179768,25476.7372617336,0.0,0.0
L,2,300,150,5,3,9,medium,alns_pinn_uq,L300_P150_seed9_medium,not_milp,182.982956,12758.210035,14834.184976,0.0,0.0,488508.528919,0.893333,0,0.183016,25495.881611973593,0.0,0.0
L,2,300,150,5,3,9,medium,alns_pinn_full,L300_P150_seed9_medium,not_milp,180.52168,13657.488546,14834.184976,0.0,0.0,485789.090435,0.933333,0,0.188162,25518.057721973604,0.0,0.0
L,3,500,250,5,4,0,medium,greedy_nearest,L500_P250_seed0_medium,not_milp,229.588268,37172.609053,27186.704076,0.002,0.002,1482695.307329,0.248,0,0.082585,48879.64987129918,0.0,0.0
L,3,500,250,5,4,0,medium,ga,L500_P250_seed0_medium,not_milp,228.180535,36528.263435,27175.493141,0.002,0.002,918211.028478,0.888,0,0.455382,54113.9162994992,0.0,0.0
L,3,500,250,5,4,0,medium,aco,L500_P250_seed0_medium,not_milp,230.624993,35903.112163,27175.493141,0.002,0.002,1069202.523192,0.464,0,0.45396,50126.97729649918,0.0,0.0
L,3,500,250,5,4,0,medium,alns_fixed,L500_P250_seed0_medium,not_milp,229.588268,37172.609053,27186.704076,0.002,0.002,1482695.307329,0.248,0,0.069354,48879.64987129918,0.0,0.0
L,3,500,250,5,4,0,medium,alns_pinn,L500_P250_seed0_medium,not_milp,228.071622,34994.488591,27175.493141,0.002,0.002,918827.389882,0.896,0,0.465844,54157.768225499196,0.0,0.0
L,3,500,250,5,4,0,medium,alns_pinn_uq,L500_P250_seed0_medium,not_milp,228.162341,36416.8764,27177.84703,0.0,0.0,919065.928672,0.896,0,0.455002,54174.19095593922,0.0,0.0
L,3,500,250,5,4,0,medium,alns_pinn_full,L500_P250_seed0_medium,not_milp,226.18834,36707.551059,27177.84703,0.0,0.0,914355.828412,0.928,0,0.493694,54229.0925479392,0.0,0.0
L,3,500,250,5,4,1,medium,greedy_nearest,L500_P250_seed1_medium,not_milp,229.169566,36281.783534,25755.969034,0.004,0.004,1489476.620235,0.272,0,0.07065,48599.434779278396,0.0,0.0
L,3,500,250,5,4,1,medium,ga,L500_P250_seed1_medium,not_milp,223.377186,38882.669766,25748.780492,0.004,0.004,926871.293674,0.896,0,0.469551,53529.50412459839,0.0,0.0
L,3,500,250,5,4,1,medium,aco,L500_P250_seed1_medium,not_milp,225.516628,37321.048462,25748.780492,0.004,0.004,1083087.599699,0.52,0,0.477352,49805.580362598404,0.0,0.0
L,3,500,250,5,4,1,medium,alns_fixed,L500_P250_seed1_medium,not_milp,229.169566,36281.783534,25755.969034,0.004,0.004,1489476.620235,0.272,0,0.074591,48599.434779278396,0.0,0.0
L,3,500,250,5,4,1,medium,alns_pinn,L500_P250_seed1_medium,not_milp,223.430801,36551.075626,25748.780492,0.004,0.004,927588.332575,0.896,0,0.467962,53569.070475598375,0.0,0.0
L,3,500,250,5,4,1,medium,alns_pinn_uq,L500_P250_seed1_medium,not_milp,223.405894,39545.081636,25753.50242,0.0,0.0,928737.984686,0.896,0,0.468421,53626.07711599838,0.0,0.0
L,3,500,250,5,4,1,medium,alns_pinn_full,L500_P250_seed1_medium,not_milp,223.12561,36943.901917,25753.535339,0.0,0.0,923005.64453,0.928,0,0.488869,53673.1557475184,0.0,0.0
L,3,500,250,5,4,2,medium,greedy_nearest,L500_P250_seed2_medium,not_milp,226.439432,35900.367071,25760.378826,0.002,0.002,1542638.875341,0.208,0,0.074838,48669.311149864014,0.0,0.0
L,3,500,250,5,4,2,medium,ga,L500_P250_seed2_medium,not_milp,221.30552,37184.263252,25753.918282,0.002,0.002,904555.181041,0.92,0,0.477273,53869.89196878401,0.0,0.0
L,3,500,250,5,4,2,medium,aco,L500_P250_seed2_medium,not_milp,226.354768,35103.766021,25753.918282,0.002,0.002,1073335.008085,0.544,0,0.476591,50226.257377783986,0.0,0.0
L,3,500,250,5,4,2,medium,alns_fixed,L500_P250_seed2_medium,not_milp,226.439432,35900.367071,25760.378826,0.002,0.002,1542638.875341,0.208,0,0.071673,48669.311149864014,0.0,0.0
L,3,500,250,5,4,2,medium,alns_pinn,L500_P250_seed2_medium,not_milp,221.120167,37287.924695,25753.918282,0.002,0.002,905288.741862,0.912,0,0.466791,53913.34232978405,0.0,0.0
L,3,500,250,5,4,2,medium,alns_pinn_uq,L500_P250_seed2_medium,not_milp,221.062865,36655.157573,25756.190719,0.0,0.0,905450.324095,0.912,0,0.461346,53931.37741058396,0.0,0.0
L,3,500,250,5,4,2,medium,alns_pinn_full,L500_P250_seed2_medium,not_milp,221.116476,37468.139887,25756.190719,0.0,0.0,900013.424635,0.936,0,0.497546,53987.512311583996,0.0,0.0
L,3,500,250,5,4,3,medium,greedy_nearest,L500_P250_seed3_medium,not_milp,222.845276,36126.562195,26598.52866,0.004,0.004,1441603.936487,0.248,0,0.070834,47707.471325202394,0.0,0.0
L,3,500,250,5,4,3,medium,ga,L500_P250_seed3_medium,not_milp,220.444105,36661.399413,26564.77021,0.004,0.004,834017.078097,0.88,0,0.482697,52745.601883562435,0.0,0.0
L,3,500,250,5,4,3,medium,aco,L500_P250_seed3_medium,not_milp,221.573255,38515.862918,26564.77021,0.004,0.004,1006590.039052,0.48,0,0.485307,48882.06700756243,0.0,0.0
L,3,500,250,5,4,3,medium,alns_fixed,L500_P250_seed3_medium,not_milp,222.845276,36126.562195,26598.52866,0.004,0.004,1441603.936487,0.248,0,0.072855,47707.471325202394,0.0,0.0
L,3,500,250,5,4,3,medium,alns_pinn,L500_P250_seed3_medium,not_milp,220.181946,35605.130132,26564.77021,0.004,0.004,834785.598493,0.88,0,0.465018,52797.08687656238,0.0,0.0
L,3,500,250,5,4,3,medium,alns_pinn_uq,L500_P250_seed3_medium,not_milp,220.409337,37619.298657,26569.234437,0.0,0.0,835519.14442,0.88,0,0.46535,52847.96832096239,0.0,0.0
L,3,500,250,5,4,3,medium,alns_pinn_full,L500_P250_seed3_medium,not_milp,219.960515,37536.640844,26569.234437,0.0,0.0,831103.898503,0.92,0,0.499672,52905.19667196243,0.0,0.0
L,3,500,250,5,4,4,medium,greedy_nearest,L500_P250_seed4_medium,not_milp,228.805753,36005.607963,25293.262327,0.002,0.002,1437213.040512,0.304,0,0.070938,49726.3392656288,0.0,0.0
L,3,500,250,5,4,4,medium,ga,L500_P250_seed4_medium,not_milp,225.815723,35429.923071,25285.148296,0.002,0.002,893272.902382,0.888,0,0.506777,54002.938751908834,0.0,0.0
L,3,500,250,5,4,4,medium,aco,L500_P250_seed4_medium,not_milp,225.064522,38377.989358,25285.148296,0.002,0.002,1064360.669967,0.544,0,0.477603,50629.21589590877,0.0,0.0
L,3,500,250,5,4,4,medium,alns_fixed,L500_P250_seed4_medium,not_milp,228.805753,36005.607963,25293.262327,0.002,0.002,1437213.040512,0.304,0,0.073726,49726.3392656288,0.0,0.0
L,3,500,250,5,4,4,medium,alns_pinn,L500_P250_seed4_medium,not_milp,226.090786,36585.841598,25285.148296,0.002,0.002,894069.236788,0.888,0,0.458751,54041.8701999088,0.0,0.0
L,3,500,250,5,4,4,medium,alns_pinn_uq,L500_P250_seed4_medium,not_milp,226.03865,36108.318677,25287.356233,0.0,0.0,894892.695273,0.888,0,0.461568,54087.30445454878,0.0,0.0
L,3,500,250,5,4,4,medium,alns_pinn_full,L500_P250_seed4_medium,not_milp,225.098679,37127.911424,25287.356233,0.0,0.0,889262.300234,0.904,0,0.503491,54131.61587754877,0.0,0.0
L,3,500,250,5,4,5,medium,greedy_nearest,L500_P250_seed5_medium,not_milp,229.618229,38662.528003,27349.358859,0.006,0.006,1464175.673398,0.256,0,0.075155,48902.313343287155,0.0,0.0
L,3,500,250,5,4,5,medium,ga,L500_P250_seed5_medium,not_milp,228.667445,36209.779814,27325.633188,0.006,0.006,911798.099647,0.864,0,0.456073,54024.3846844872,0.0,0.0
L,3,500,250,5,4,5,medium,aco,L500_P250_seed5_medium,not_milp,228.397001,36481.077542,27325.633188,0.006,0.006,1073141.189577,0.496,0,0.469579,50321.26026248717,0.0,0.0
L,3,500,250,5,4,5,medium,alns_fixed,L500_P250_seed5_medium,not_milp,229.618229,38662.528003,27349.358859,0.006,0.006,1464175.673398,0.256,0,0.076808,48902.313343287155,0.0,0.0
L,3,500,250,5,4,5,medium,alns_pinn,L500_P250_seed5_medium,not_milp,228.091198,36218.196747,27325.633188,0.006,0.006,912634.143584,0.864,0,0.454369,54070.20984248716,0.0,0.0
L,3,500,250,5,4,5,medium,alns_pinn_uq,L500_P250_seed5_medium,not_milp,229.413648,36210.363717,27332.493302,0.0,0.0,913008.743393,0.864,0,0.469101,54097.9716062472,0.0,0.0
L,3,500,250,5,4,5,medium,alns_pinn_full,L500_P250_seed5_medium,not_milp,229.528113,37456.479333,27332.493302,0.0,0.0,907257.183004,0.92,0,0.507641,54152.61525524722,0.0,0.0
L,3,500,250,5,4,6,medium,greedy_nearest,L500_P250_seed6_medium,not_milp,231.897667,36285.70707,28172.482687,0.004,0.004,1639926.613962,0.272,0,0.069802,50076.124552755966,0.0,0.0
L,3,500,250,5,4,6,medium,ga,L500_P250_seed6_medium,not_milp,228.463609,38262.944536,28167.283147,0.004,0.004,959244.361468,0.896,0,0.472362,54756.12020507595,0.0,0.0
L,3,500,250,5,4,6,medium,aco,L500_P250_seed6_medium,not_milp,229.146099,37810.667677,28167.283147,0.004,0.004,1173894.368369,0.488,0,0.460685,51248.11994607599,0.0,0.0
L,3,500,250,5,4,6,medium,alns_fixed,L500_P250_seed6_medium,not_milp,231.897667,36285.70707,28172.482687,0.004,0.004,1639926.613962,0.272,0,0.075538,50076.124552755966,0.0,0.0
L,3,500,250,5,4,6,medium,alns_pinn,L500_P250_seed6_medium,not_milp,229.420485,35113.987189,28167.283147,0.004,0.004,959966.948808,0.904,0,0.466034,54801.288089076006,0.0,0.0
L,3,500,250,5,4,6,medium,alns_pinn_uq,L500_P250_seed6_medium,not_milp,228.746498,36692.101107,28171.923966,0.0,0.0,960485.506962,0.904,0,0.469489,54833.27321315603,0.0,0.0
L,3,500,250,5,4,6,medium,alns_pinn_full,L500_P250_seed6_medium,not_milp,228.243823,38012.994136,28171.923966,0.0,0.0,955787.901705,0.944,0,0.503964,54903.110022156,0.0,0.0
L,3,500,250,5,4,7,medium,greedy_nearest,L500_P250_seed7_medium,not_milp,225.497447,37051.305754,25642.589452,0.002,0.002,1483275.356974,0.312,0,0.069998,48746.244985470395,0.0,0.0
L,3,500,250,5,4,7,medium,ga,L500_P250_seed7_medium,not_milp,223.066649,37677.509967,25634.785984,0.002,0.002,891532.437636,0.872,0,0.461321,53024.17302219038,0.0,0.0
L,3,500,250,5,4,7,medium,aco,L500_P250_seed7_medium,not_milp,224.675216,35477.658343,25634.785984,0.002,0.002,1063922.573573,0.568,0,0.452271,49872.42816419037,0.0,0.0
L,3,500,250,5,4,7,medium,alns_fixed,L500_P250_seed7_medium,not_milp,225.497447,37051.305754,25642.589452,0.002,0.002,1483275.356974,0.312,0,0.077282,48746.244985470395,0.0,0.0
L,3,500,250,5,4,7,medium,alns_pinn,L500_P250_seed7_medium,not_milp,223.16751,36319.465461,25634.785984,0.002,0.002,892201.146209,0.872,0,0.483706,53061.90296319043,0.0,0.0
L,3,500,250,5,4,7,medium,alns_pinn_uq,L500_P250_seed7_medium,not_milp,223.637336,37641.53364,25636.975849,0.0,0.0,892485.250272,0.872,0,0.470399,53084.899924190395,0.0,0.0
L,3,500,250,5,4,7,medium,alns_pinn_full,L500_P250_seed7_medium,not_milp,223.245958,37058.721655,25636.975849,0.0,0.0,887636.363385,0.904,0,0.489702,53158.80202719039,0.0,0.0
L,3,500,250,5,4,8,medium,greedy_nearest,L500_P250_seed8_medium,not_milp,233.396068,36005.074809,27033.251894,0.006,0.006,1417525.999772,0.32,88.2016,0.06962,49312.5492791352,0.0,0.0
L,3,500,250,5,4,8,medium,ga,L500_P250_seed8_medium,not_milp,228.2022,37137.852816,27028.896811,0.006,0.006,898289.584567,0.888,88.2016,0.456465,54505.09433953523,0.0,0.0
L,3,500,250,5,4,8,medium,aco,L500_P250_seed8_medium,not_milp,227.49861,35871.076368,27028.896811,0.006,0.006,1041256.679201,0.528,88.2016,0.473438,50607.316077535186,0.0,0.0
L,3,500,250,5,4,8,medium,alns_fixed,L500_P250_seed8_medium,not_milp,233.396068,36005.074809,27033.251894,0.006,0.006,1417525.999772,0.32,88.2016,0.070571,49312.5492791352,0.0,0.0
L,3,500,250,5,4,8,medium,alns_pinn,L500_P250_seed8_medium,not_milp,227.617149,37710.727849,27028.896811,0.006,0.006,899088.289371,0.896,88.2016,0.484642,54549.04106553522,0.0,0.0
L,3,500,250,5,4,8,medium,alns_pinn_uq,L500_P250_seed8_medium,not_milp,228.166544,35351.023324,27036.098694,0.0,0.0,900671.432859,0.896,0,0.466669,54641.7755856152,0.0,0.0
L,3,500,250,5,4,8,medium,alns_pinn_full,L500_P250_seed8_medium,not_milp,227.910166,37424.303527,27036.098694,0.0,0.0,894692.115297,0.928,0,0.484305,54680.65037461521,0.0,0.0
L,3,500,250,5,4,9,medium,greedy_nearest,L500_P250_seed9_medium,not_milp,230.630207,37354.926546,26567.17452,0.004,0.004,1519736.626625,0.264,0,0.069368,49588.79859053204,0.0,0.0
L,3,500,250,5,4,9,medium,ga,L500_P250_seed9_medium,not_milp,227.41785,38682.642448,26562.173894,0.004,0.004,959151.852566,0.856,0,0.473297,54570.581073972,0.0,0.0
L,3,500,250,5,4,9,medium,aco,L500_P250_seed9_medium,not_milp,235.095125,37109.204136,26562.173894,0.004,0.004,1123315.548,0.48,0,0.465881,50844.782557972,0.0,0.0
L,3,500,250,5,4,9,medium,alns_fixed,L500_P250_seed9_medium,not_milp,230.630207,37354.926546,26567.17452,0.004,0.004,1519736.626625,0.264,0,0.076658,49588.79859053204,0.0,0.0
L,3,500,250,5,4,9,medium,alns_pinn,L500_P250_seed9_medium,not_milp,227.350447,37386.659297,26562.173894,0.004,0.004,959940.230096,0.856,0,0.475077,54616.803774971966,0.0,0.0
L,3,500,250,5,4,9,medium,alns_pinn_uq,L500_P250_seed9_medium,not_milp,227.223114,37247.351843,26567.072443,0.0,0.0,960741.383038,0.856,0,0.477542,54656.53166369205,0.0,0.0
L,3,500,250,5,4,9,medium,alns_pinn_full,L500_P250_seed9_medium,not_milp,227.339955,36089.564103,26567.072443,0.0,0.0,954185.909468,0.904,0,0.490378,54700.54595369202,0.0,0.0
