time,wind_speed,wind_angle,battery_voltage,battery_current,position_x,position_y,position_z,orientation_x,orientation_y,orientation_z,orientation_w,velocity_x,velocity_y,velocity_z,angular_x,angular_y,angular_z,linear_acceleration_x,linear_acceleration_y,linear_acceleration_z
0.0,0.10000000149011612,109.0,25.226318359375,-0.12722837924957275,0.0,0.0,0.0,0.0,0.0,-0.0,1.0,0.0,0.0,0.0,-0.008664688095450401,-0.0025429052766412497,-0.009691481478512287,0.1114701954368502,0.06534723503049464,-9.807582176327706
0.19,0.10000000149011612,112.0,25.23007392883301,-0.15108370780944824,0.0,0.0,0.0,0.0,0.0,-0.0,1.0,0.0,0.0,0.0,-0.00024134654086083174,0.0036785753909498453,0.009742194786667824,0.11048403510823847,0.06527129888534547,-9.806648960709571
0.31,0.10000000149011612,116.0,25.22506523132324,-0.13518016040325165,0.0,0.0,0.0,0.0,0.0,-0.0,1.0,0.0,0.0,0.0,-0.00772011186927557,-0.005914501845836639,-0.011842128820717336,0.1090063066687435,0.07507790179923178,-9.806049621105194
0.49,0.10000000149011612,120.0,25.23007392883301,-0.14313192665576935,0.0,0.0,0.0,0.0,0.0,-0.0,1.0,0.0,0.0,0.0,-0.008633069694042206,-0.004440888296812773,-0.0048074871301651,0.11679568413645028,0.04860091903712601,-9.810298207998276
0.59,0.10000000149011612,123.0,25.221309661865234,-0.13518016040325165,0.0,0.0,0.0,0.0,0.0,-0.0,1.0,0.0,0.0,0.0,0.002626183209940791,-0.0018441552529111505,-0.0018697124905884266,0.10964813908562064,0.06858535453677178,-9.80749446809292
0.79,0.10000000149011612,125.0,25.22005653381348,-0.12722837924957275,0.0,0.0,0.0,0.0,0.0,-0.0,1.0,0.0,0.0,0.0,-0.005274560302495956,-0.0077215759083628654,-0.010553475469350815,0.1160956536512822,0.04265434639994056,-9.810425677299499
0.9,0.10000000149011612,128.0,25.221309661865234,-0.12722837924957275,0.0,0.0,0.0,0.0,0.0,-0.0,1.0,0.0,0.0,0.0,0.006871798075735569,0.003716489765793085,0.00824864860624075,0.11556239672005175,0.052098444784060116,-9.80792248427868
1.09,0.10000000149011612,136.0,25.21630096435547,-0.13518016040325165,0.0,0.0,0.0,0.0,0.0,-0.0,1.0,0.0,0.0,0.0,-0.003667478216812015,-0.002201071940362453,-0.00527892680838704,0.11460909043438733,0.05620778571814298,-9.808229463100432
1.2,0.10000000149011612,141.0,25.228822708129893,-0.12722837924957275,0.0,0.0,0.0,0.0,0.0,-0.0,1.0,0.0,0.0,0.0,0.0026748282834887505,0.008458266034722328,0.010060654021799564,0.11784221696667375,0.04405666403006762,-9.809744476675988
1.4,0.10000000149011612,149.0,25.23508262634277,-0.14313192665576935,0.0,0.0,0.0,0.0,0.0,-0.0,1.0,0.0,0.0,0.0,0.004948444664478302,0.005213000811636448,0.01055927388370037,0.10948929581791164,0.07185860758647324,-9.806109847426416
1.49,0.10000000149011612,154.0,25.227569580078125,-0.11927660554647446,0.0,0.0,0.0,0.0,0.0,-0.0,1.0,0.0,0.0,0.0,-0.003328507533296943,0.004500943701714277,0.0018769206944853067,0.11580109102651474,0.050801925212144855,-9.809860251545906
1.69,0.10000000149011612,161.0,25.227569580078125,-0.12722837924957275,0.0,0.0,0.0,0.0,0.0,-0.0,1.0,0.0,0.0,0.0,0.007608806248754263,0.005256709177047014,0.012483320198953152,0.10887301756069064,0.07469426963478328,-9.806211588978767
1.79,0.10000000149011612,163.0,25.22506523132324,-0.13518016040325165,0.0,0.0,0.0,0.0,0.0,-0.0,1.0,0.0,0.0,0.0,-0.008234978653490543,-0.004520412534475327,-0.0071031348779797545,0.11200659524649384,0.06853898337576539,-9.807319636344909
1.99,0.10000000149011612,163.0,25.23257827758789,-0.14313192665576935,0.0,0.0,0.0,0.0,0.0,-0.0,1.0,0.0,0.0,0.0,-0.00410479074344039,0.0021271139848977327,0.002437188755720854,0.11435453555546699,0.06114187642000616,-9.807951135635378
2.09,0.10000000149011612,161.0,25.22506523132324,-0.12722837924957275,0.0,0.0,0.0,0.0,0.0,-0.0,1.0,0.0,0.0,0.0,-0.006459385622292757,-0.007734030485153198,-0.006884608417749405,0.10852588481269776,0.07617235438898208,-9.80530468583107
2.29,0.10000000149011612,157.0,25.23132514953613,-0.11927660554647446,0.0,0.0,0.0,0.0,0.0,-0.0,1.0,0.0,0.0,0.0,-0.010583614930510521,-0.00728752976283431,-0.008061262778937817,0.11763634929433466,0.04350744145922363,-9.809966670870784
2.4,0.10000000149011612,157.0,25.233829498291016,-0.11132483184337616,0.0,0.0,0.0,0.0,0.0,-0.0,1.0,0.0,0.0,0.0,0.005826019681990147,0.0042630513198673725,0.00427946075797081,0.11517127281054855,0.05943385904654861,-9.807771041393279
2.59,0.10000000149011612,153.0,25.233829498291016,-0.12722837924957275,0.0,0.0,0.0,0.0,0.0,-0.0,1.0,0.0,0.0,0.0,-0.0026394566521048546,-0.0047180629335343855,-0.009837795980274677,0.11732631895691158,0.0506991010112688,-9.809336341023446
2.7,0.10000000149011612,149.0,25.226318359375,-0.11927660554647446,0.0,0.0,0.0,0.0,0.0,-0.0,1.0,0.0,0.0,0.0,0.0041622803546488285,0.007775934878736734,0.010390195995569227,0.11675876445136965,0.04305998784955591,-9.811016246080401
2.9,0.10000000149011612,143.0,25.233829498291016,-0.12722837924957275,0.0,0.0,0.0,0.0,0.0,-0.0,1.0,0.0,0.0,0.0,0.002167044207453728,0.004920716397464275,0.006125374231487514,0.11025687078014017,0.06985095695592464,-9.807647665143014
2.99,0.10000000149011612,142.0,25.21630096435547,-0.12722837924957275,0.0,0.0,0.0,0.0,0.0,-0.0,1.0,0.0,0.0,0.0,-0.0067246854305267325,0.0006680251099169254,0.003243878250941634,0.11720861633308233,0.048939239848405126,-9.810252599716184
3.19,0.10000000149011612,140.0,25.221309661865234,-0.11927660554647446,0.0,0.0,0.0,0.0,0.0,-0.0,1.0,0.0,0.0,0.0,0.0045661018230021,0.006552787497639656,0.010113989934325218,0.1089640239905566,0.0752694894745946,-9.80638232767582
3.29,0.10000000149011612,142.0,25.22256088256836,-0.10337305814027786,0.0,0.0,0.0,0.0,0.0,-0.0,1.0,0.0,0.0,0.0,-0.009908499196171759,-0.007674938999116421,-0.01328705996274948,0.11123867310583592,0.06685184695757926,-9.807257655858995
3.49,0.10000000149011612,148.0,25.23007392883301,-0.11132483184337616,0.0,0.0,0.0,0.0,0.0,-0.0,1.0,0.0,0.0,0.0,-0.0010774955153465267,0.004298871848732233,0.0067961900494992716,0.11341961145400999,0.061816663378849626,-9.807697951197623
3.59,0.10000000149011612,154.0,25.22506523132324,-0.11132483184337616,0.0,0.0,0.0,0.0,0.0,-0.0,1.0,0.0,0.0,0.0,-0.006731973960995674,-0.003988094162195921,-0.011291936971247194,0.10862897853367033,0.07676050205715003,-9.80587420463562
3.79,0.10000000149011612,162.0,25.21630096435547,-0.10337305814027786,0.0,0.0,0.0,0.0,0.0,-0.0,1.0,0.0,0.0,0.0,-0.008016279898583889,-0.0013943741796538234,-0.00706713367253542,0.1156307725980878,0.049967180360108616,-9.808825294375419
3.9,0.10000000149011612,165.0,25.23508262634277,-0.06361418962478638,0.0,0.0,0.0,0.0,0.0,-0.0,1.0,0.0,0.0,0.0,0.0011079094838351011,0.000306258734781295,-0.004796655382961035,0.10951987492851914,0.06980721247382463,-9.806943075656893
4.09,0.10000000149011612,166.0,25.22506523132324,-0.12722837924957275,0.0,0.0,0.0,0.0,0.0,-0.0,1.0,0.0,0.0,0.0,-0.010330284014344215,-0.00218412303365767,-0.012553723528981207,0.1181331159453839,0.04369444272480905,-9.80978365302086
4.2,0.10000000149011612,166.0,25.23007392883301,-0.12722837924957275,0.0,0.0,0.0,0.0,0.0,-0.0,1.0,0.0,0.0,0.0,0.008054718375205994,0.0041227731853723535,0.00713355140760541,0.1148231167998165,0.05845930178649724,-9.807431318163873
4.4,0.10000000149011612,167.0,25.21880531311035,-0.13518016040325165,0.0,0.0,0.0,0.0,0.0,-0.0,1.0,0.0,0.0,0.0,-0.002473530126735568,-0.0046320026740431786,-0.008848953992128372,0.11655393831431865,0.04900972620584071,-9.808673266768457
4.5,0.10000000149011612,167.0,25.22256088256836,-0.13518016040325165,0.0,0.0,0.0,0.0,0.0,-0.0,1.0,0.0,0.0,0.0,0.007697556167840958,0.007690464146435261,0.013317975215613842,0.11859404099173845,0.04517343197017908,-9.810108758211138
4.69,0.10000000149011612,166.0,25.22506523132324,-0.12722837924957275,0.0,0.0,0.0,0.0,0.0,-0.0,1.0,0.0,0.0,0.0,0.004295731894671917,0.001959823537617922,0.006746203172951937,0.11062455100938676,0.06718639905564487,-9.806868231296539
4.79,0.10000000149011612,165.0,25.23007392883301,-0.09542128443717957,0.0,0.0,0.0,0.0,0.0,-0.0,1.0,0.0,0.0,0.0,-0.003953548613935709,0.002994228154420853,0.004503836389631033,0.11606856459751724,0.04749938126653433,-9.809989475011824
4.99,0.10000000149011612,158.0,25.226318359375,-0.11927660554647446,0.0,0.0,0.0,0.0,0.0,-0.0,1.0,0.0,0.0,0.0,0.004949640482664107,0.01021453645080328,0.011738697998225687,0.1095956968702376,0.07461978158913553,-9.80556430220604
5.09,0.10000000149011612,154.0,25.213796615600586,-0.11927660554647446,0.0,0.0,0.0,0.0,0.0,-0.0,1.0,0.0,0.0,0.0,-0.0105636203661561,-0.00719474023208022,-0.01190278120338917,0.11073991474695503,0.07087935428135098,-9.806758303642273
5.29,0.10000000149011612,147.0,25.22381401062012,-0.13518016040325165,0.0,0.0,0.0,0.0,0.0,-0.0,1.0,0.0,0.0,0.0,-0.006344167981296778,-0.0006797594251111151,-0.0019282139837741847,0.1140351679455489,0.05754441810306162,-9.807071129679679
5.4,0.10000000149011612,145.0,25.22005653381348,0.09542128443717957,0.0,0.0,0.0,0.0,0.0,-0.0,1.0,0.0,0.0,0.0,0.0014378101332113151,-0.004259254783391953,-0.004442237783223391,0.10888430999591947,0.0717024412471801,-9.805575411915779
5.59,0.10000000149011612,147.0,25.1824951171875,0.11927660554647446,0.0,0.0,0.0,0.0,0.0,-0.0,1.0,0.0,0.0,0.0,-0.013406410813331604,-0.005642900709062815,-0.009341358207166195,0.11805151987820865,0.043077936060726636,-9.809444514513016
5.7,0.10000000149011612,146.0,25.19251251220703,0.11927660554647446,0.0,0.0,0.0,0.0,0.0,-0.0,1.0,0.0,0.0,0.0,0.003267187159508467,0.006787143182009458,0.007708932273089886,0.1211211162339896,0.05442909469362349,-9.81057068824768
5.9,0.10000000149011612,146.0,25.187503814697266,0.15108370780944824,0.0,0.0,0.0,0.0,0.0,-0.0,1.0,0.0,0.0,0.0,-0.0033013448119163518,-0.002609370741993189,-0.005354745779186486,0.11709703501313926,0.05441090893931687,-9.813186732530594
6.0,0.10000000149011612,148.0,25.187503814697266,0.13518016040325165,0.0,0.0,0.0,0.0,0.0,-0.0,1.0,0.0,0.0,0.0,0.0033749537542462358,0.00788353756070137,0.011729439720511436,0.11829301902092995,0.04533834172412753,-9.809503571391106
6.19,0.10000000149011612,153.0,25.19626808166504,0.15903547406196594,0.0,0.0,0.0,0.0,0.0,-0.0,1.0,0.0,0.0,0.0,0.00770038366317749,0.006553925108164549,0.0063671073876321324,0.11033504988066853,0.07300774534698576,-9.806285263895989
6.29,0.10000000149011612,155.0,25.184999465942386,0.16698725521564484,0.0,0.0,0.0,0.0,0.0,-0.0,1.0,0.0,0.0,0.0,-0.0039324271492660046,4.1469709685770795e-05,-0.0013818471925333142,0.11547473416663707,0.04985436107497663,-9.81260318040848
6.49,0.10000000149011612,161.0,25.18625259399414,0.14313192665576935,0.0,0.0,0.0,0.0,0.0,-0.0,1.0,0.0,0.0,0.0,0.0056203482672572145,0.0032542236149311066,0.009085381403565409,0.1086943211685866,0.07482894745655358,-9.813356301784516
6.6,0.10000000149011612,163.0,24.888263702392567,8.063098907470701,0.0,0.0,0.0,0.0,0.0,-0.0,1.0,0.0,0.0,0.0,-0.005982686299830675,-0.005755196791142225,-0.010655724443495274,0.11084693706594408,0.07529386048670858,-9.810539113283156
6.79,0.10000000149011612,168.0,25.183748245239247,0.11927660554647446,0.0,0.0,0.0,0.0,0.0,-0.0,1.0,0.0,0.0,0.0,-0.009050792083144188,0.004923725966364145,-0.00327168102376163,0.12526135604828598,0.05497310045175255,-9.814470781087877
6.91,0.10000000149011612,170.0,25.201276779174805,0.10337305814027786,0.0,0.0,0.0,0.0,0.0,-0.0,1.0,0.0,0.0,0.0,-0.0031719650141894817,0.0009813141077756884,-0.003020430449396372,0.07965726750902832,0.07926517515443265,-9.779023205637932
7.09,0.20000000298023224,173.0,25.17623519897461,0.16698725521564484,0.0,0.0,0.0,0.0,0.0,-0.0,1.0,0.0,0.0,0.0,-0.00038382838829420496,-0.0036043715663254257,-0.008082150481641294,0.11139889595098794,0.058590544369071726,-9.8095608741045
7.2,0.10000000149011612,175.0,25.19626808166504,0.12722837924957275,0.0,0.0,0.0,0.0,0.0,-0.0,1.0,0.0,0.0,0.0,0.006079601589590311,0.009236386045813559,-0.0012008664198219776,0.11762138407677412,0.06258239281363785,-9.797078238129616
7.39,0.10000000149011612,178.0,25.20252799987793,0.10337305814027786,0.0,0.0,0.0,0.0,0.0,-0.0,1.0,0.0,0.0,0.0,-0.0022017427254468203,0.00461534084752202,-0.00500015402212739,0.12035089175216855,0.04784607547335327,-9.806910331249238
7.5,0.10000000149011612,180.0,25.17748832702637,0.22264966368675232,0.0,0.0,0.0,0.0,0.0,-0.0,1.0,0.0,0.0,0.0,0.0038188425824046135,0.007440235931426286,0.009810401126742365,0.1164893722627312,0.05193850516341627,-9.80400426506996
7.7,0.10000000149011612,179.0,25.17999267578125,0.3419262766838074,0.0,0.0,0.0,0.0,0.0,-0.0,1.0,0.0,0.0,0.0,0.004382758866995573,0.0020928431767970324,0.003993306308984757,0.11221960748545826,0.07271799297071994,-9.798728322386742
7.8,0.10000000149011612,177.0,25.17623519897461,0.3419262766838074,0.0,0.0,0.0,0.0,0.0,-0.0,1.0,0.0,0.0,0.0,-0.0005516806268133223,0.0005161432200111449,0.008117908611893654,0.11251781548373402,0.05063461261801422,-9.799879054427148
7.99,0.10000000149011612,171.0,25.17623519897461,0.3578298389911652,0.0,0.0,0.0,0.0,0.0,-0.0,1.0,0.0,0.0,0.0,0.008337356150150299,4.499680289882235e-05,0.008354372344911098,0.11025404767133297,0.06882152266334743,-9.797495729327203
8.09,0.10000000149011612,166.0,25.1724796295166,0.3419262766838074,0.0,0.0,0.0,0.0,0.0,-0.0,1.0,0.0,0.0,0.0,-0.009856677614152431,-0.00620815297588706,-0.004425977356731893,0.1151749364566058,0.05166819934733212,-9.810254938602448
8.29,0.10000000149011612,163.0,25.17373085021973,0.3657816052436829,0.0,0.0,0.0,0.0,0.0,-0.0,1.0,0.0,0.0,0.0,0.005117040127515793,0.006937028374522924,0.008262892253696918,0.10718858091160656,0.07594416679814459,-9.81936723947525
8.39,0.10000000149011612,162.0,25.16997528076172,0.40554046630859375,0.0,0.0,0.0,0.0,0.0,-0.0,1.0,0.0,0.0,0.0,-0.010984431952238085,-0.004603548906743527,-0.008262025192379951,0.11055704307742416,0.07406021218746901,-9.810534435510636
8.59,0.10000000149011612,161.0,25.158706665039066,0.3896369338035584,0.0,0.0,0.0,0.0,0.0,-0.0,1.0,0.0,0.0,0.0,-0.0007077243062667549,0.0057661524042487144,0.0063880798406898975,0.10795182527974248,0.07442892481572927,-9.813021841049196
8.69,0.10000000149011612,161.0,25.16997528076172,0.3816851377487183,0.0,0.0,0.0,0.0,0.0,-0.0,1.0,0.0,0.0,0.0,-0.002911046147346497,-0.0007223499706014991,-0.006706180050969124,0.10011821910738944,0.07663147958926858,-9.806604521870613
8.89,0.20000000298023224,159.0,25.163715362548828,0.40554046630859375,0.0,0.0,0.0,0.0,0.0,-0.0,1.0,0.0,0.0,0.0,-0.008521448820829391,-0.007735766936093569,-0.006584698799997568,0.10586088837124408,0.04995520270429552,-9.814211164712908
9.0,0.20000000298023224,159.0,25.157455444335927,0.40554046630859375,0.0,0.0,0.0,0.0,0.0,-0.0,1.0,0.0,0.0,0.0,0.0037550886627286673,-0.004456273280084133,-0.0006661573424935341,0.12572179687209428,0.0645958084333688,-9.815537313222883
9.19,0.20000000298023224,157.0,25.168724060058594,0.3975887000560761,0.0,0.0,0.0,0.0,0.0,-0.0,1.0,0.0,0.0,0.0,-0.00966706033796072,-0.00708021130412817,-0.011409405618906021,0.12348499020561575,0.0390685916505754,-9.805164352655412
9.3,0.20000000298023224,156.0,25.163715362548828,0.3816851377487183,0.0,0.0,0.0,0.0,0.0,-0.0,1.0,0.0,0.0,0.0,0.005278094206005335,0.013492899015545843,0.011409220285713673,0.11679461519233884,0.04981010952964425,-9.811644237041474
9.49,0.20000000298023224,157.0,25.16747093200684,0.3975887000560761,0.0,0.0,0.0,0.0,0.0,-0.0,1.0,0.0,0.0,0.0,0.0014919814420863984,0.006476914044469595,-0.002681236015632749,0.11742330964654685,0.06425779825542123,-9.816574609279632
9.6,0.20000000298023224,157.0,25.163715362548828,0.40554046630859375,0.0,0.0,0.0,0.0,0.0,-0.0,1.0,0.0,0.0,0.0,0.0012256500776857138,0.007434458937495947,0.008564438670873642,0.10937519288621844,0.04075566868297757,-9.801034464240077
9.8,0.20000000298023224,160.0,25.163715362548828,0.3896369338035584,0.0,0.0,0.0,0.0,0.0,-0.0,1.0,0.0,0.0,0.0,0.007542747538536788,0.002109536901116371,0.011004265397787094,0.09755247915163637,0.07206181660294532,-9.802686887383464
9.9,0.20000000298023224,160.0,25.16621971130371,0.3816851377487183,0.0,0.0,0.0,0.0,0.0,-0.0,1.0,0.0,0.0,0.0,-0.00664078164845705,-0.004363867454230785,-0.006272869184613228,0.10021646146662534,0.05137301088776439,-9.799011327624319
10.09,0.20000000298023224,160.0,25.16246223449707,0.37373337149620056,0.0,0.0,0.0,0.0,0.0,-0.0,1.0,0.0,0.0,0.0,0.0008056489750742912,0.002047369722276926,0.011101776733994484,0.10084098064340652,0.06918915721122176,-9.805539743900301
10.2,0.20000000298023224,159.0,25.158706665039066,0.3816851377487183,0.0,0.0,0.0,0.0,0.0,-0.0,1.0,0.0,0.0,0.0,-0.00996676366776228,-0.012378140352666378,-0.01350124925374985,0.11179213947616518,0.06496696958318353,-9.800591245293617
10.39,0.20000000298023224,159.0,25.163715362548828,0.3975887000560761,0.0,0.0,0.0,0.0,0.0,-0.0,1.0,0.0,0.0,0.0,-0.006594504695385695,-0.007114047650247812,-0.001789019093848765,0.11447207372635605,0.049032713072374466,-9.801979959011078
10.5,0.20000000298023224,158.0,25.16246223449707,0.3816851377487183,0.0,0.0,0.0,0.0,0.0,-0.0,1.0,0.0,0.0,0.0,0.0003956235304940492,-0.009628058411180971,-0.006993543356657028,0.11426586801186205,0.07485301240347328,-9.797979878783226
10.69,0.20000000298023224,158.0,25.16246223449707,0.3816851377487183,0.0,0.0,0.0,0.0,0.0,-0.0,1.0,0.0,0.0,0.0,-0.008884218521416187,-0.008485829457640648,-0.006520323920994997,0.12842805272899568,0.052166975978761916,-9.817404913902283
10.8,0.20000000298023224,157.0,25.14994239807129,0.40554046630859375,0.0,0.0,0.0,0.0,0.0,-0.0,1.0,0.0,0.0,0.0,0.0036233970895409584,0.0009196398314088584,0.004310354124754667,0.1133192951604724,0.05256419378332794,-9.797575836181641
11.0,0.10000000149011612,155.0,25.164966583251953,0.4293957948684693,0.0,0.0,0.0,0.0,0.0,-0.0,1.0,0.0,0.0,0.0,-0.0112258056178689,-0.0027030827477574357,-0.011792920529842377,0.125365938981995,0.04694160257466138,-9.80916735649109
11.09,0.10000000149011612,155.0,25.148691177368164,0.3816851377487183,0.0,0.0,0.0,0.0,0.0,-0.0,1.0,0.0,0.0,0.0,0.0028486351948231463,0.008722669444978237,0.00874021090567112,0.1344625254627317,0.051492677810601885,-9.815108127593994
11.29,0.10000000149011612,155.0,25.163715362548828,0.37373337149620056,0.0,0.0,0.0,0.0,0.0,-0.0,1.0,0.0,0.0,0.0,-0.004974725190550089,-0.002747126156464219,-0.0041422098875045785,0.13155217437073588,0.049278136244975033,-9.819835016727447
11.4,0.10000000149011612,155.0,25.163715362548828,0.3896369338035584,0.0,0.0,0.0,0.0,0.0,-0.0,1.0,0.0,0.0,0.0,0.01078288909047842,0.011551831848919392,0.011815338395535946,0.11855783393606545,0.05708699224982412,-9.809278453588488
11.59,0.10000000149011612,158.0,25.148691177368164,0.37373337149620056,0.0,0.0,0.0,0.0,0.0,-0.0,1.0,0.0,0.0,0.0,-0.0022355730179697275,0.00492760119959712,-8.208239160012454e-05,0.11382120553404093,0.05857930675148964,-9.811785739660264
11.7,0.10000000149011612,157.0,25.164966583251953,0.3896369338035584,0.0,0.0,0.0,0.0,0.0,-0.0,1.0,0.0,0.0,0.0,0.002462390810251236,0.013565784320235252,0.010195647366344929,0.1234699884429574,0.05165761040523648,-9.81400651216507
11.89,0.10000000149011612,157.0,25.14994239807129,0.3975887000560761,0.0,0.0,0.0,0.0,0.0,-0.0,1.0,0.0,0.0,0.0,0.003298327559605241,0.01418829616159201,-0.0016679040854796767,0.10480231393128632,0.07118131728842855,-9.809307104945184
12.0,0.10000000149011612,157.0,25.16621971130371,0.3896369338035584,0.0,0.0,0.0,0.0,0.0,-0.0,1.0,0.0,0.0,0.0,-0.0017901274841278798,0.012899091467261314,0.007563150022178886,0.1052923471480608,0.04578520604409278,-9.798855206966401
12.19,0.10000000149011612,157.0,25.158706665039066,0.3975887000560761,0.0,0.0,0.0,0.0,0.0,-0.0,1.0,0.0,0.0,0.0,0.006213169544935226,0.012242982164025308,0.009326603263616562,0.0949223284609616,0.08088140037842095,-9.804008942842485
12.3,0.10000000149011612,158.0,25.161211013793945,0.37373337149620056,0.0,0.0,0.0,0.0,0.0,-0.0,1.0,0.0,0.0,0.0,-0.0053381365723907965,0.001726429327391088,-0.008438889868557453,0.0990274118911475,0.053148517920635636,-9.798191547989845
12.49,0.10000000149011612,161.0,25.14994239807129,0.3816851377487183,0.0,0.0,0.0,0.0,0.0,-0.0,1.0,0.0,0.0,0.0,0.0072722071781754485,0.00831833202391863,0.01221701595932245,0.09640605029650033,0.07287969132419676,-9.801144391894342
12.59,0.10000000149011612,163.0,25.148691177368164,0.3339745104312897,0.0,0.0,0.0,0.0,0.0,-0.0,1.0,0.0,0.0,0.0,-0.010927191935479641,-0.007959246635437012,-0.01121669914573431,0.09809536571614444,0.08116115310229363,-9.810608110427856
12.79,0.10000000149011612,166.0,25.14117813110352,0.3498780429363251,0.0,0.0,0.0,0.0,0.0,-0.0,1.0,0.0,0.0,0.0,-0.002247413620352745,-0.007719427812844516,0.003163802903145552,0.09121030583046376,0.05998162438161672,-9.800081368088724
12.9,0.10000000149011612,168.0,25.157455444335927,0.37373337149620056,0.0,0.0,0.0,0.0,0.0,-0.0,1.0,0.0,0.0,0.0,-0.005653990432620049,-0.015378168784081938,-0.010515387170016766,0.1021039883606136,0.07352311802096666,-9.807505577802658
13.09,0.10000000149011612,170.0,25.14994239807129,0.3498780429363251,0.0,0.0,0.0,0.0,0.0,-0.0,1.0,0.0,0.0,0.0,-0.014647233299911022,-0.01615007966756821,-0.007321956567466259,0.12039965204894545,0.05151175435166806,-9.82469873070717
13.2,0.10000000149011612,170.0,25.157455444335927,0.3975887000560761,0.0,0.0,0.0,0.0,0.0,-0.0,1.0,0.0,0.0,0.0,0.0019327320624142887,-0.0086960569024086,-0.0011888445587828755,0.1070665476936847,0.06776595862582327,-9.803755173683166
13.39,0.10000000149011612,171.0,25.152446746826172,0.3419262766838074,0.0,0.0,0.0,0.0,0.0,-0.0,1.0,0.0,0.0,0.0,-0.009479505009949207,-0.012366876006126406,-0.010856294073164465,0.1225854600314051,0.03365106640616432,-9.804598342180253
13.49,0.10000000149011612,170.0,25.14242935180664,0.3419262766838074,0.0,0.0,0.0,0.0,0.0,-0.0,1.0,0.0,0.0,0.0,0.006541614886373282,-0.0024596317671239376,0.01105224061757326,0.13332827526144686,0.06494514759164302,-9.820744843482972
13.69,0.10000000149011612,169.0,25.157455444335927,0.3816851377487183,0.0,0.0,0.0,0.0,0.0,-0.0,1.0,0.0,0.0,0.0,-0.00012051783414790408,-0.00820753164589405,-0.005207846406847239,0.11486213782802225,0.07375817152205855,-9.81675704240799
13.8,0.10000000149011612,168.0,25.14743804931641,0.41349223256111145,0.0,0.0,0.0,0.0,0.0,-0.0,1.0,0.0,0.0,0.0,-0.0022732147481292486,0.0010555546032264829,0.006487859413027763,0.12104815394617616,0.037664396516047416,-9.79957499921322
13.99,0.10000000149011612,165.0,25.15995979309082,0.4214440286159515,0.0,0.0,0.0,0.0,0.0,-0.0,1.0,0.0,0.0,0.0,0.007969612255692482,0.00280929752625525,0.00573349604383111,0.11529741735197604,0.06758747693616897,-9.796794648170472
14.1,0.10000000149011612,163.0,25.14994239807129,0.3975887000560761,0.0,0.0,0.0,0.0,0.0,-0.0,1.0,0.0,0.0,0.0,-0.006759446114301682,-0.007789678871631621,-0.004387845285236836,0.12742202100344002,0.056273594303056604,-9.808722383379935
14.29,0.10000000149011612,158.0,25.148691177368164,0.3975887000560761,0.0,0.0,0.0,0.0,0.0,-0.0,1.0,0.0,0.0,0.0,0.004815752152353525,0.0020141862332820892,0.011778373271226885,0.12416730545461176,0.08001962129026652,-9.81370245695114
14.39,0.10000000149011612,157.0,25.148691177368164,0.40554046630859375,0.0,0.0,0.0,0.0,0.0,-0.0,1.0,0.0,0.0,0.0,-0.01215964648872614,-0.012645255774259569,-0.008994318544864655,0.12174648508429528,0.07423178685363382,-9.814075509309767
14.59,0.10000000149011612,160.0,25.14743804931641,0.3657816052436829,0.0,0.0,0.0,0.0,0.0,-0.0,1.0,0.0,0.0,0.0,-0.0023785708472132683,-0.000878188235219568,-0.0012740683741867542,0.1258248723205179,0.05445586854591966,-9.805723931193352
14.7,0.10000000149011612,159.0,25.15620231628418,0.3896369338035584,0.0,0.0,0.0,0.0,0.0,-0.0,1.0,0.0,0.0,0.0,-0.003930238075554371,-0.006156451534479857,-0.0037723511923104533,0.12522548703476788,0.07049135954584927,-9.808294367194176
14.89,0.10000000149011612,160.0,25.161211013793945,0.3975887000560761,0.0,0.0,0.0,0.0,0.0,-0.0,1.0,0.0,0.0,0.0,-0.013474696315824986,-0.005534971132874489,-0.0068541974760591975,0.12669692971743646,0.04865182179026306,-9.810719207525256
15.0,0.10000000149011612,160.0,25.15119552612305,0.3896369338035584,0.0,0.0,0.0,0.0,0.0,-0.0,1.0,0.0,0.0,0.0,0.0049986457452178,0.003020222531631589,0.007105564698576926,0.1148476659692824,0.056999083016999075,-9.79870785713196
15.19,0.10000000149011612,163.0,25.158706665039066,0.3896369338035584,0.0,0.0,0.0,0.0,0.0,-0.0,1.0,0.0,0.0,0.0,-0.004639903549104929,0.0013371012173593044,-0.008535271510481834,0.12362968138419092,0.04337354478891939,-9.81132380962372
15.29,0.10000000149011612,163.0,25.158706665039066,0.3975887000560761,0.0,0.0,0.0,0.0,0.0,-0.0,1.0,0.0,0.0,0.0,0.006898647639900446,0.012765087187290192,0.012228715233504772,0.12484638646245005,0.0381346611189656,-9.802933639883996
15.49,0.10000000149011612,162.0,25.15995979309082,0.3896369338035584,0.0,0.0,0.0,0.0,0.0,-0.0,1.0,0.0,0.0,0.0,0.008548269979655744,0.01234571635723114,0.0025334113743156195,0.11825953457504512,0.060120774409733714,-9.79962645471096
15.59,0.10000000149011612,161.0,25.15620231628418,0.3896369338035584,0.0,0.0,0.0,0.0,0.0,-0.0,1.0,0.0,0.0,0.0,-0.0006151230190880598,0.012573348358273506,0.006969661917537451,0.12716213054023684,0.05191909514833242,-9.812930624485016
15.79,0.10000000149011612,160.0,25.15995979309082,0.3975887000560761,0.0,0.0,0.0,0.0,0.0,-0.0,1.0,0.0,0.0,0.0,0.007045471575111152,0.014452955685555937,0.008666329085826874,0.11144860642030836,0.08686157623305918,-9.8200747525692
15.9,0.10000000149011612,160.0,25.158706665039066,0.3896369338035584,0.0,0.0,0.0,0.0,0.0,-0.0,1.0,0.0,0.0,0.0,-0.007466770708560944,0.005094181280583143,-0.0007101332303136588,0.1018279997818172,0.05024432467762381,-9.79139708340168
16.09,0.10000000149011612,157.0,25.144933700561523,0.3816851377487183,0.0,0.0,0.0,0.0,0.0,-0.0,1.0,0.0,0.0,0.0,0.004467225633561611,0.01359066553413868,0.009040261618793007,0.0996989646088332,0.059808071712031965,-9.79691042304039
16.19,0.10000000149011612,155.0,25.14618682861328,0.3975887000560761,0.0,0.0,0.0,0.0,0.0,-0.0,1.0,0.0,0.0,0.0,-0.0071983993984758845,0.0013759321300312875,-0.007060903124511242,0.12232095574960113,0.08397850605659188,-9.825415599346162
16.4,0.10000000149011612,154.0,25.153697967529297,0.3578298389911652,0.0,0.0,0.0,0.0,0.0,-0.0,1.0,0.0,0.0,0.0,-0.006170724052935839,0.004970221780240536,-0.0019238274544477465,0.10838526841253043,0.05643590935505927,-9.811230254173278
16.59,0.10000000149011612,156.0,25.157455444335927,0.3975887000560761,0.0,0.0,0.0,0.0,0.0,-0.0,1.0,0.0,0.0,0.0,0.005624063778668642,0.009917954914271832,0.009255737066268921,0.10929831113666297,0.0721583733195439,-9.81056951880455
16.7,0.10000000149011612,160.0,25.158706665039066,0.3975887000560761,0.0,0.0,0.0,0.0,0.0,-0.0,1.0,0.0,0.0,0.0,-0.00872240774333477,0.00243281270377338,-0.009578224271535872,0.0983818975556642,0.0792437597271055,-9.81709033370018
16.89,0.0,158.0,25.148691177368164,0.3975887000560761,0.0,0.0,0.0,0.0,0.0,-0.0,1.0,0.0,0.0,0.0,-0.0017158699920400975,0.007571099326014519,0.0006881015142425895,0.10673768749460576,0.04788617458194495,-9.806225037574768
17.0,0.0,156.0,25.1436824798584,0.40554046630859375,0.0,0.0,0.0,0.0,0.0,-0.0,1.0,0.0,0.0,0.0,-0.00244393409229815,0.000717311049811542,-0.011943122372031212,0.10371864214539528,0.08936051174998284,-9.811676981449127
17.19,0.0,152.0,25.15620231628418,0.3896369338035584,0.0,0.0,0.0,0.0,0.0,-0.0,1.0,0.0,0.0,0.0,-0.009797528386116028,-0.0025854171253740788,-0.008820563554763794,0.10268118163570762,0.05391512443777174,-9.826150009632107
17.3,0.0,150.0,25.157455444335927,0.3975887000560761,0.0,0.0,0.0,0.0,0.0,-0.0,1.0,0.0,0.0,0.0,0.0028560170903801922,0.000455135537777096,-0.003610195824876428,0.07892558896914124,0.058189155855216085,-9.778355453610422
17.49,0.0,148.0,25.144933700561523,0.3816851377487183,0.0,0.0,0.0,0.0,0.0,-0.0,1.0,0.0,0.0,0.0,-0.004528344143182039,-0.009647327475249769,-0.013747750781476498,0.08833346659317612,0.05107594035565853,-9.794005526304243
17.6,0.0,151.0,25.13992691040039,0.3896369338035584,0.0,0.0,0.0,0.0,0.0,-0.0,1.0,0.0,0.0,0.0,0.006595229264348745,7.564225234091282e-05,0.005891137756407261,0.09271465737372638,0.051300857160240416,-9.812828882932664
17.79,0.0,157.0,25.15495109558105,0.3816851377487183,0.0,0.0,0.0,0.0,0.0,-0.0,1.0,0.0,0.0,0.0,0.0004682923026848584,-0.008905819617211819,-0.004805469885468483,0.0845386693160981,0.055092931827530264,-9.787726786136627
17.91,0.0,157.0,25.15620231628418,0.3975887000560761,0.0,0.0,0.0,0.0,0.0,-0.0,1.0,0.0,0.0,0.0,-9.720897651277484e-05,-0.002516049891710281,0.008196457289159298,0.12022071811370552,0.048296343055553734,-9.821867508888245
18.09,0.0,153.0,25.153697967529297,0.4532511234283447,0.0,0.0,0.0,0.0,0.0,-0.0,1.0,0.0,0.0,0.0,0.0066819218918681145,-0.007673633750528097,0.0012690539006143804,0.1070877438504249,0.06956731674727053,-9.816608523130418
18.2,0.0,150.0,25.163715362548828,0.3816851377487183,0.0,0.0,0.0,0.0,0.0,-0.0,1.0,0.0,0.0,0.0,-0.004780961200594902,-0.009279851801693441,-0.00048132281517609954,0.13332200777716935,0.05122446876950562,-9.816262367963793
18.39,0.0,152.0,25.157455444335927,0.3896369338035584,0.0,0.0,0.0,0.0,0.0,-0.0,1.0,0.0,0.0,0.0,0.008885460905730723,-0.001484228065237403,0.009344637393951416,0.10810453810729087,0.08131653372198344,-9.810909826755523
18.5,0.0,158.0,25.14117813110352,0.3816851377487183,0.0,0.0,0.0,0.0,0.0,-0.0,1.0,0.0,0.0,0.0,-0.013492986559867859,-0.01470368355512619,-0.01123441755771637,0.12593854584731162,0.07371106032282114,-9.805516939759254
18.7,0.0,170.0,25.15495109558105,0.3816851377487183,0.0,0.0,0.0,0.0,0.0,-0.0,1.0,0.0,0.0,0.0,0.00015859206905588508,-0.00023248085926752535,0.0073889647610485545,0.13530087000690402,0.0661180716427043,-9.814231045246123
18.79,0.0,174.0,25.15119552612305,0.3896369338035584,0.0,0.0,0.0,0.0,0.0,-0.0,1.0,0.0,0.0,0.0,-0.010360441170632841,-0.005984891671687365,-0.010235284455120564,0.11901521410793067,0.07113543948624282,-9.795597138404847
18.99,0.10000000149011612,180.0,25.15495109558105,0.3816851377487183,0.0,0.0,0.0,0.0,0.0,-0.0,1.0,0.0,0.0,0.0,-0.002514597959816456,-0.003046361031010747,-0.003907027654349804,0.12569443373009564,0.05114036022685469,-9.804306566119195
19.09,0.10000000149011612,178.0,25.134918212890625,0.3896369338035584,0.0,0.0,0.0,0.0,0.0,-0.0,1.0,0.0,0.0,0.0,-0.0008068638853728771,0.0017315269215032456,-0.005882794037461281,0.10650282128714024,0.06480605238117278,-9.790556253790855
19.29,0.10000000149011612,168.0,25.15495109558105,0.3975887000560761,0.0,0.0,0.0,0.0,0.0,-0.0,1.0,0.0,0.0,0.0,-0.010398851707577705,0.0006064336048439144,-0.005257448181509972,0.1368528580851853,0.04284049799200148,-9.816772245168686
19.4,0.10000000149011612,164.0,25.14618682861328,0.3975887000560761,0.0,0.0,0.0,0.0,0.0,-0.0,1.0,0.0,0.0,0.0,0.003217696212232113,0.009417994879186152,0.0009821999119594693,0.12102748769335447,0.05387876206543297,-9.795483702421187
19.59,0.10000000149011612,160.0,25.15119552612305,0.3657816052436829,0.0,0.0,0.0,0.0,0.0,-0.0,1.0,0.0,0.0,0.0,-0.008733091875910759,0.0021361508406698704,-0.008711947128176691,0.10978318235836924,0.07097244834993036,-9.802239575386047
19.69,0.10000000149011612,158.0,25.152446746826172,0.3657816052436829,0.0,0.0,0.0,0.0,0.0,-0.0,1.0,0.0,0.0,0.0,0.008201569318771362,0.010626212693750858,0.009358758106827736,0.1064688526187092,0.049907991006039085,-9.799169787168504
19.89,0.10000000149011612,152.0,25.14743804931641,0.3578298389911652,0.0,0.0,0.0,0.0,0.0,-0.0,1.0,0.0,0.0,0.0,-0.0021244380623102192,0.0011992378858849404,-0.008599389344453812,0.12208261775784195,0.06215069014113396,-9.825826073884963
19.99,0.10000000149011612,147.0,25.13366508483887,0.37373337149620056,0.0,0.0,0.0,0.0,0.0,-0.0,1.0,0.0,0.0,0.0,0.005880354437977076,0.014535993337631226,0.010713753290474415,0.12289545382373035,0.04193222897127271,-9.81206055879593
20.19,0.10000000149011612,138.0,25.152446746826172,0.3816851377487183,0.0,0.0,0.0,0.0,0.0,-0.0,1.0,0.0,0.0,0.0,0.003235852345824241,0.0075132381170988066,-0.0034706236328929663,0.11278645849786699,0.07257808919996024,-9.816037834882737
20.3,0.10000000149011612,134.0,25.144933700561523,0.3657816052436829,0.0,0.0,0.0,0.0,0.0,-0.0,1.0,0.0,0.0,0.0,0.0052674408070743075,0.009787049144506454,0.007055155467242002,0.11838479289785027,0.03813403756823392,-9.813136446475983
20.49,0.10000000149011612,127.0,25.144933700561523,0.3180709481239319,0.0,0.0,0.0,0.0,0.0,-0.0,1.0,0.0,0.0,0.0,0.005881407298147678,0.0006473800167441367,0.0035339205060154204,0.1088648314587772,0.07703588764183224,-9.809400660395623
20.59,0.10000000149011612,122.0,25.134918212890625,0.3816851377487183,0.0,0.0,0.0,0.0,0.0,-0.0,1.0,0.0,0.0,0.0,-0.00175027409568429,0.005064817611128092,0.002918146084994077,0.09399628481827677,0.035298051182180636,-9.791173135042193
20.69,0.10000000149011612,122.0,25.148691177368164,0.3816851377487183,0.0,0.0,0.0,0.0,0.0,-0.0,1.0,0.0,0.0,0.0,-0.006272417493164539,-0.0034879653248935947,-0.011866047978401184,0.09444229032844303,0.0608961334777996,-9.784450006484986
20.9,0.0,125.0,25.14994239807129,0.3975887000560761,0.0,0.0,0.0,0.0,0.0,-0.0,1.0,0.0,0.0,0.0,-0.004480971954762936,-0.0022528998088091608,-0.005882961675524712,0.10605740049853922,0.05678137930110098,-9.806207495927813
21.0,0.0,131.0,25.14618682861328,0.3896369338035584,0.0,0.0,0.0,0.0,0.0,-0.0,1.0,0.0,0.0,0.0,-0.0005337445763871074,-0.01042815949767828,-0.0036792522296309467,0.0987820481043309,0.06683891912922263,-9.79982701420784
21.2,0.0,134.0,25.15495109558105,0.40554046630859375,0.0,0.0,0.0,0.0,0.0,-0.0,1.0,0.0,0.0,0.0,-0.006143032573163509,-0.013220387510955334,-0.01264861784875393,0.10883136528544128,0.07395099259447306,-9.80976377248764
21.29,0.0,138.0,25.15620231628418,0.40554046630859375,0.0,0.0,0.0,0.0,0.0,-0.0,1.0,0.0,0.0,0.0,0.004797192290425301,-0.007744307164102794,0.0011694770073518155,0.10064744694158437,0.06532861987128855,-9.810936723947526
21.49,0.0,141.0,25.15119552612305,0.3896369338035584,0.0,0.0,0.0,0.0,0.0,-0.0,1.0,0.0,0.0,0.0,-0.0060658687725663185,-0.017975302413105958,-0.00804321002215147,0.10593066209927204,0.0851351949479431,-9.801561883091926
21.59,0.0,141.0,25.152446746826172,0.3896369338035584,0.0,0.0,0.0,0.0,0.0,-0.0,1.0,0.0,0.0,0.0,0.008622581139206886,-0.005309607833623886,0.006731795147061348,0.1161706167832017,0.06032510718796402,-9.820020958185195
21.8,0.0,140.0,25.13992691040039,0.3896369338035584,0.0,0.0,0.0,0.0,0.0,-0.0,1.0,0.0,0.0,0.0,0.0008703092462383211,-0.012266646139323713,-0.001696404186077416,0.10240845470689236,0.07156219029799105,-9.794225966334345
21.9,0.0,139.0,25.14994239807129,0.3975887000560761,0.0,0.0,0.0,0.0,0.0,-0.0,1.0,0.0,0.0,0.0,0.005412066821008921,-0.005925325211137533,0.007147243712097406,0.12076841949485242,0.04388993158936502,-9.80778858304024
22.09,0.0,140.0,25.152446746826172,0.3816851377487183,0.0,0.0,0.0,0.0,0.0,-0.0,1.0,0.0,0.0,0.0,0.006624463945627213,-0.006869887467473745,0.008796400390565395,0.1251538038253784,0.06660762977320701,-9.813441671133043
22.29,0.0,145.0,25.152446746826172,0.3896369338035584,0.0,0.0,0.0,0.0,0.0,-0.0,1.0,0.0,0.0,0.0,-0.006188638042658567,-0.015556547790765762,-0.012461124919354916,0.12551616674289107,0.05685085153207184,-9.815610988140104
22.39,0.0,142.0,25.15119552612305,0.3896369338035584,0.0,0.0,0.0,0.0,0.0,-0.0,1.0,0.0,0.0,0.0,0.0048283059149980545,-0.001879053073935211,0.006413517519831657,0.1206364642828703,0.03743032288039103,-9.792563602924348
22.49,0.10000000149011612,134.0,25.152446746826172,0.3816851377487183,0.0,0.0,0.0,0.0,0.0,-0.0,1.0,0.0,0.0,0.0,-0.009505404159426693,-0.011948077008128166,-0.010678053833544254,0.11881946942768992,0.058508208263665436,-9.795843306183816
22.69,0.10000000149011612,130.0,25.152446746826172,0.3816851377487183,0.0,0.0,0.0,0.0,0.0,-0.0,1.0,0.0,0.0,0.0,-0.0019879399333149195,-0.003981406334787607,0.008174013346433641,0.1238758308906108,0.05110105597414077,-9.805192419290542
22.89,0.10000000149011612,123.0,25.15119552612305,0.3896369338035584,0.0,0.0,0.0,0.0,0.0,-0.0,1.0,0.0,0.0,0.0,0.004923772998154163,-0.0008663891348987818,0.005204438697546721,0.1065305498801172,0.04382366162259132,-9.787445535063744
23.0,0.10000000149011612,120.0,25.153697967529297,0.3975887000560761,0.0,0.0,0.0,0.0,0.0,-0.0,1.0,0.0,0.0,0.0,-0.007861808873713017,-0.004368551075458528,-0.0018723540706560016,0.10458614054135976,0.047318894164636735,-9.779369945526122
23.09,0.10000000149011612,116.0,25.14618682861328,0.3896369338035584,0.0,0.0,0.0,0.0,0.0,-0.0,1.0,0.0,0.0,0.0,-0.004379848949611187,-0.005460759159177543,-0.007638324517756701,0.11188128210604192,0.07608111041598023,-9.800256199836733
23.3,0.10000000149011612,118.0,25.1436824798584,0.3896369338035584,0.0,0.0,0.0,0.0,0.0,-0.0,1.0,0.0,0.0,0.0,-0.007590755354613066,-0.011404039338231087,-0.00814769882708788,0.12183217420242727,0.07361403308808805,-9.824674172401428
23.39,0.10000000149011612,118.0,25.15119552612305,0.3975887000560761,0.0,0.0,0.0,0.0,0.0,-0.0,1.0,0.0,0.0,0.0,0.002404233673587441,-0.002906582783907652,0.0012154488358646633,0.11677986924536525,0.05541549713350833,-9.79462533116341
23.61,0.10000000149011612,118.0,25.14994239807129,0.3975887000560761,0.0,0.0,0.0,0.0,0.0,-0.0,1.0,0.0,0.0,0.0,-0.007542609237134457,-0.009802093729376793,-0.008590403944253922,0.11662341054528952,0.0644273949181661,-9.79494985163212
23.79,0.10000000149011612,119.0,25.14242935180664,0.3896369338035584,0.0,0.0,0.0,0.0,0.0,-0.0,1.0,0.0,0.0,0.0,0.005838352721184492,0.00039837119402363896,0.0070422361604869374,0.13280748020857575,0.05732238379307091,-9.809529299139976
23.9,0.10000000149011612,120.0,25.148691177368164,0.3816851377487183,0.0,0.0,0.0,0.0,0.0,-0.0,1.0,0.0,0.0,0.0,-0.0010660846019163726,-0.0029325957875698805,-0.004388062749058008,0.13419649542309345,0.07737717317417264,-9.819928572177886
24.09,0.10000000149011612,122.0,25.148691177368164,0.37373337149620056,0.0,0.0,0.0,0.0,0.0,-0.0,1.0,0.0,0.0,0.0,-0.011978073976933956,-0.011607589200139046,-0.008892565034329891,0.13008011042140424,0.07706290360540152,-9.824329186677934
24.2,0.10000000149011612,124.0,25.138673782348643,0.3896369338035584,0.0,0.0,0.0,0.0,0.0,-0.0,1.0,0.0,0.0,0.0,0.002893298165872693,0.004921377170830965,0.006085304543375969,0.12801321105100216,0.0743306367751211,-9.818325265645981
24.3,0.10000000149011612,128.0,25.14242935180664,0.3896369338035584,0.0,0.0,0.0,0.0,0.0,-0.0,1.0,0.0,0.0,0.0,-0.004114022012799978,0.002871034434065223,0.002094040624797344,0.1021354354172945,0.05453725904691965,-9.798132491111755
24.49,0.10000000149011612,129.0,25.15119552612305,0.3896369338035584,0.0,0.0,0.0,0.0,0.0,-0.0,1.0,0.0,0.0,0.0,0.0043259807862341395,0.006988630164414643,0.010234740562736988,0.10485463737510144,0.04143509230110794,-9.794683803319932
24.69,0.10000000149011612,132.0,25.13992691040039,0.3896369338035584,0.0,0.0,0.0,0.0,0.0,-0.0,1.0,0.0,0.0,0.0,-0.011973120272159576,-0.005159338004887104,-0.008556275628507137,0.11170730916783214,0.055354471388272944,-9.797193428277973
24.79,0.10000000149011612,133.0,25.144933700561523,0.3816851377487183,0.0,0.0,0.0,0.0,0.0,-0.0,1.0,0.0,0.0,0.0,-0.003636871930211783,-0.002293745055794716,0.004313746001571417,0.10926701026037336,0.03988179316744209,-9.788281686902048
24.99,0.10000000149011612,136.0,25.14743804931641,0.3975887000560761,0.0,0.0,0.0,0.0,0.0,-0.0,1.0,0.0,0.0,0.0,0.0017313087591901422,0.004812710918486118,0.010974569246172905,0.12857238759286702,0.0634137389715761,-9.799221242666246
25.09,0.10000000149011612,137.0,25.13742256164551,0.3816851377487183,0.0,0.0,0.0,0.0,0.0,-0.0,1.0,0.0,0.0,0.0,-0.011767077259719372,-0.0038365758955478673,-0.006156084127724171,0.11723289141431452,0.07159082338213921,-9.800351509451867
25.29,0.10000000149011612,135.0,25.134918212890625,0.3896369338035584,0.0,0.0,0.0,0.0,0.0,-0.0,1.0,0.0,0.0,0.0,0.004987066611647606,-0.00017545254377182568,0.007280929479748011,0.14323379661887886,0.06945183880627155,-9.837567282915117
25.4,0.10000000149011612,135.0,25.144933700561523,0.3975887000560761,0.0,0.0,0.0,0.0,0.0,-0.0,1.0,0.0,0.0,0.0,-0.003727400908246637,-0.005562391597777605,-0.009999507106840607,0.14054503672756255,0.09322185765020548,-9.832493069171909
25.6,0.10000000149011612,133.0,25.14994239807129,0.3816851377487183,0.0,0.0,0.0,0.0,0.0,-0.0,1.0,0.0,0.0,0.0,-0.009881309233605862,-0.0044509777799248695,-0.008777557872235775,0.1214729998447001,0.07514534577727318,-9.811790417432782
25.7,0.10000000149011612,132.0,25.14994239807129,0.3975887000560761,0.0,0.0,0.0,0.0,0.0,-0.0,1.0,0.0,0.0,0.0,0.002304915105924011,0.005105945747345686,0.005504495929926636,0.11958820469677447,0.07217193611897528,-9.823504729270935
25.79,0.10000000149011612,130.0,25.14743804931641,0.3816851377487183,0.0,0.0,0.0,0.0,0.0,-0.0,1.0,0.0,0.0,0.0,-0.0046504554338753215,0.004098826553672552,0.004523108247667551,0.13110488978214566,0.05164307459257543,-9.828439779281618
25.99,0.10000000149011612,128.0,25.14618682861328,0.3816851377487183,0.0,0.0,0.0,0.0,0.0,-0.0,1.0,0.0,0.0,0.0,0.004653261508792639,0.008494622074067594,0.01322399266064167,0.11721309310756625,0.03361232175026089,-9.797158344984057
26.09,0.10000000149011612,126.0,25.144933700561523,0.3896369338035584,0.0,0.0,0.0,0.0,0.0,-0.0,1.0,0.0,0.0,0.0,-0.01067308895289898,-0.003182619344443083,-0.0074931057170033455,0.11088678035885097,0.05263428271282464,-9.787847823500634
26.29,0.10000000149011612,123.0,25.148691177368164,0.3975887000560761,0.0,0.0,0.0,0.0,0.0,-0.0,1.0,0.0,0.0,0.0,0.0034785717725753784,0.005050891544669866,0.004234233871102333,0.1366843669116497,0.03495629969984293,-9.821355292797087
26.49,0.10000000149011612,119.0,25.144933700561523,0.3816851377487183,0.0,0.0,0.0,0.0,0.0,-0.0,1.0,0.0,0.0,0.0,0.007600440178066492,0.005662783514708281,0.012405970133841038,0.11264002229087056,0.06361557297874243,-9.796132743358614
26.6,0.20000000298023224,118.0,25.1436824798584,0.3657816052436829,0.0,0.0,0.0,0.0,0.0,-0.0,1.0,0.0,0.0,0.0,-0.004582149907946587,-0.0019578528590500355,0.00033405458088964224,0.13395450292155148,0.051763143511489036,-9.801525630354881
26.79,0.20000000298023224,118.0,25.14117813110352,0.3657816052436829,0.0,0.0,0.0,0.0,0.0,-0.0,1.0,0.0,0.0,0.0,-0.002345023211091757,-0.004450956359505653,-0.0015091028762981296,0.12082774132490158,0.06395109809003771,-9.79271446108818
26.9,0.20000000298023224,116.0,25.1436824798584,0.3498780429363251,0.0,0.0,0.0,0.0,0.0,-0.0,1.0,0.0,0.0,0.0,-0.007519816514104605,-0.002360908780246973,-0.00998528767377138,0.14219835522584615,0.06656082920730114,-9.818568509817123
27.09,0.10000000149011612,114.0,25.144933700561523,0.37373337149620056,0.0,0.0,0.0,0.0,0.0,-0.0,1.0,0.0,0.0,0.0,0.0014832039596512914,0.0028732053469866514,0.00850729737430811,0.14380574567243454,0.07231397777795792,-9.819054998159409
27.2,0.10000000149011612,114.0,25.14994239807129,0.3896369338035584,0.0,0.0,0.0,0.0,0.0,-0.0,1.0,0.0,0.0,0.0,-0.0074841673485934734,-0.005573523696511985,-0.010186523199081421,0.1268917790427804,0.08363465323112905,-9.822358675003054
27.29,0.10000000149011612,114.0,25.1436824798584,0.3816851377487183,0.0,0.0,0.0,0.0,0.0,-0.0,1.0,0.0,0.0,0.0,0.004937766119837761,0.0056953756138682365,0.0036428247112780814,0.13306050932966176,0.05046614885330202,-9.808466275334359
27.49,0.10000000149011612,113.0,25.144933700561523,0.3657816052436829,0.0,0.0,0.0,0.0,0.0,-0.0,1.0,0.0,0.0,0.0,-0.003761777421459556,-0.002535367151722312,-0.004846190102398396,0.13574037962593138,0.07752934696152806,-9.822096719741822
27.59,0.10000000149011612,112.0,25.13742256164551,0.3498780429363251,0.0,0.0,0.0,0.0,0.0,-0.0,1.0,0.0,0.0,0.0,0.007275290787220001,0.0037928856909275055,0.012114285491406921,0.1318315525073558,0.04558252236340196,-9.808663326501847
27.8,0.10000000149011612,112.0,25.14743804931641,0.3816851377487183,0.0,0.0,0.0,0.0,0.0,-0.0,1.0,0.0,0.0,0.0,-0.0026865021791309127,-0.004724318161606789,0.002596832113340497,0.11832397271879018,0.059477804526686676,-9.814086034297944
27.99,0.10000000149011612,115.0,25.14117813110352,0.3816851377487183,0.0,0.0,0.0,0.0,0.0,-0.0,1.0,0.0,0.0,0.0,0.00488890940323472,0.004536593332886696,0.008615812286734581,0.12359912054613233,0.0365810673404485,-9.811836025714877
28.1,0.10000000149011612,116.0,25.14743804931641,0.3816851377487183,0.0,0.0,0.0,0.0,0.0,-0.0,1.0,0.0,0.0,0.0,0.005782231688499451,0.002741126576438546,0.008041837252676487,0.10598380780778824,0.04896504068747163,-9.790691324472427
28.19,0.10000000149011612,118.0,25.14994239807129,0.3896369338035584,0.0,0.0,0.0,0.0,0.0,-0.0,1.0,0.0,0.0,0.0,-0.0014476471114903688,0.001306782360188663,0.005160228814929725,0.12724576399661602,0.041506049176678064,-9.794348757863043
28.4,0.10000000149011612,119.0,25.1436824798584,0.3975887000560761,0.0,0.0,0.0,0.0,0.0,-0.0,1.0,0.0,0.0,0.0,0.007803726941347122,0.007170015946030617,0.011286482214927672,0.1230865938216448,0.050219446602277465,-9.816451817750927
28.49,0.10000000149011612,121.0,25.13742256164551,0.3896369338035584,0.0,0.0,0.0,0.0,0.0,-0.0,1.0,0.0,0.0,0.0,-0.007120771333575249,0.00037753229844383895,-0.0049069696106016645,0.14018615473061802,0.05933382597751916,-9.814399445056916
28.7,0.10000000149011612,121.0,25.13992691040039,0.3578298389911652,0.0,0.0,0.0,0.0,0.0,-0.0,1.0,0.0,0.0,0.0,0.0016390521777793765,0.00530336471274495,0.00995286088436842,0.14249804330058394,0.05027463883627206,-9.830522557497023
28.9,0.10000000149011612,119.0,25.148691177368164,0.40554046630859375,0.0,0.0,0.0,0.0,0.0,-0.0,1.0,0.0,0.0,0.0,0.00456362869590521,0.005203479435294866,0.005372513085603714,0.1154853048361838,0.0747944443160668,-9.804232891201973
29.01,0.10000000149011612,118.0,25.148691177368164,0.3975887000560761,0.0,0.0,0.0,0.0,0.0,-0.0,1.0,0.0,0.0,0.0,-0.003241172526031733,0.003268004860728979,0.0028094411827623844,0.10501705292612316,0.04218322983942927,-9.770754657983778
29.09,0.10000000149011612,118.0,25.14117813110352,0.3816851377487183,0.0,0.0,0.0,0.0,0.0,-0.0,1.0,0.0,0.0,0.0,-0.008362146094441414,-0.0022809554357081647,-0.007047635968774556,0.13109208072535694,0.07844376012682915,-9.814726889133453
29.29,0.10000000149011612,117.0,25.14743804931641,0.3816851377487183,0.0,0.0,0.0,0.0,0.0,-0.0,1.0,0.0,0.0,0.0,-0.00938704703003168,-0.003013691399246455,0.0016628738958388571,0.1366767015773803,0.07315086051821709,-9.84258185505867
29.49,0.10000000149011612,116.0,25.14242935180664,0.3816851377487183,0.0,0.0,0.0,0.0,0.0,-0.0,1.0,0.0,0.0,0.0,0.003740506013855338,-0.0025992663577198982,-0.0017527741147205234,0.12752649430185556,0.08185199249535799,-9.823569048643114
29.6,0.10000000149011612,115.0,25.14117813110352,0.3896369338035584,0.0,0.0,0.0,0.0,0.0,-0.0,1.0,0.0,0.0,0.0,-0.0074029648676514626,-0.006420450750738382,-0.005289972759783268,0.13005161438137294,0.07079200236126781,-9.815181802511216
29.69,0.10000000149011612,112.0,25.14743804931641,0.3896369338035584,0.0,0.0,0.0,0.0,0.0,-0.0,1.0,0.0,0.0,0.0,0.00576795544475317,0.005904989782720804,0.0057458127848804,0.1135840278491378,0.054322999706491834,-9.79551176905632
29.9,0.10000000149011612,111.0,25.14994239807129,0.41349223256111145,0.0,0.0,0.0,0.0,0.0,-0.0,1.0,0.0,0.0,0.0,-0.0060636852867901325,-0.003450143150985241,-0.006491375621408224,0.13226539763621986,0.06223876839503646,-9.805075474977494
29.99,0.10000000149011612,107.0,25.13616943359375,0.40554046630859375,0.0,0.0,0.0,0.0,0.0,-0.0,1.0,0.0,0.0,0.0,0.00926134083420038,0.01357768103480339,0.011941562406718731,0.1407498902734369,0.03565047840122134,-9.812935302257536
30.2,0.10000000149011612,106.0,25.14117813110352,0.40554046630859375,0.0,0.0,0.0,0.0,0.0,-0.0,1.0,0.0,0.0,0.0,0.001670684083364904,0.002180779352784157,-0.00037352053914219136,0.09551291551440956,0.05101034190505743,-9.76567927479744
30.39,0.10000000149011612,103.0,25.14994239807129,0.3975887000560761,0.0,0.0,0.0,0.0,0.0,-0.0,1.0,0.0,0.0,0.0,-0.006155150476843119,-0.000829596072435379,-0.015194974839687347,0.12324682580307128,0.034920834966469555,-9.786518166661264
30.49,0.10000000149011612,100.0,25.1436824798584,0.3975887000560761,0.0,0.0,0.0,0.0,0.0,-0.0,1.0,0.0,0.0,0.0,0.006864676252007485,0.00880638137459755,0.008373290300369263,0.13159507831558587,0.048600443950854236,-9.811432567834855
30.6,0.10000000149011612,97.0,25.14743804931641,0.3975887000560761,0.0,0.0,0.0,0.0,0.0,-0.0,1.0,0.0,0.0,0.0,-0.0078050694428384295,0.002514334861189127,-0.001146217924542725,0.12934813952073454,0.057268155436031525,-9.803500819802283
30.8,0.10000000149011612,96.0,25.13616943359375,0.3896369338035584,0.0,0.0,0.0,0.0,0.0,-0.0,1.0,0.0,0.0,0.0,0.003314869711175561,0.004534475039690733,0.008773649111390114,0.14481354069896046,0.05153797089122236,-9.828467845916748
30.99,0.10000000149011612,95.0,25.14618682861328,0.40554046630859375,0.0,0.0,0.0,0.0,0.0,-0.0,1.0,0.0,0.0,0.0,-0.010644371621310713,-0.0049403486773371705,-0.005140262190252543,0.1287214459106326,0.07467062038835139,-9.8215704703331
31.1,0.10000000149011612,96.0,25.13992691040039,0.3975887000560761,0.0,0.0,0.0,0.0,0.0,-0.0,1.0,0.0,0.0,0.0,-0.004008064046502113,0.0008212837274186312,-0.0009046373888850213,0.14051248418167234,0.0606068333471194,-9.827339333295825
31.29,0.10000000149011612,98.0,25.138673782348643,0.3896369338035584,0.0,0.0,0.0,0.0,0.0,-0.0,1.0,0.0,0.0,0.0,0.003273616079241037,0.006436003372073174,0.011117295362055302,0.13208521203137935,0.0763394111674279,-9.813175038099287
31.4,0.10000000149011612,100.0,25.1436824798584,0.40554046630859375,0.0,0.0,0.0,0.0,0.0,-0.0,1.0,0.0,0.0,0.0,-0.009557669050991535,-0.0055642519146204,-0.008943264372646809,0.12883190346881748,0.07997962268069386,-9.824565414190294
31.5,0.10000000149011612,103.0,25.12990951538086,0.3975887000560761,0.0,0.0,0.0,0.0,0.0,-0.0,1.0,0.0,0.0,0.0,0.003817088203504681,0.003491802606731653,0.007865151390433311,0.12264136489480736,0.06250599985476582,-9.810749613046646
31.7,0.10000000149011612,105.0,25.12990951538086,0.3896369338035584,0.0,0.0,0.0,0.0,0.0,-0.0,1.0,0.0,0.0,0.0,-0.003485959256067872,-0.0026263068430125713,-0.007054673973470926,0.10412838578224183,0.0719010638538748,-9.792601025104524
31.79,0.10000000149011612,109.0,25.1436824798584,0.3816851377487183,0.0,0.0,0.0,0.0,0.0,-0.0,1.0,0.0,0.0,0.0,0.003985305316746235,0.005748778115957975,0.009122258983552456,0.1234083185903728,0.0396052746847272,-9.811695692539216
32.0,0.10000000149011612,111.0,25.1436824798584,0.3975887000560761,0.0,0.0,0.0,0.0,0.0,-0.0,1.0,0.0,0.0,0.0,0.005686373915523291,0.011815966106951237,0.004083649720996618,0.11186152034439148,0.04807492087595165,-9.782794075012207
32.19,0.10000000149011612,118.0,25.131162643432607,0.3816851377487183,0.0,0.0,0.0,0.0,0.0,-0.0,1.0,0.0,0.0,0.0,-0.004004257265478373,-0.003200763138011098,-0.0060032461769878856,0.12231292496435345,0.06981082587037236,-9.799823505878447
32.29,0.10000000149011612,120.0,25.144933700561523,0.40554046630859375,0.0,0.0,0.0,0.0,0.0,-0.0,1.0,0.0,0.0,0.0,0.001960702706128359,0.0052914610132575035,0.012208620086312294,0.13586222098208964,0.045527179380878816,-9.810059641599656
32.39,0.10000000149011612,123.0,25.14618682861328,0.3816851377487183,0.0,0.0,0.0,0.0,0.0,-0.0,1.0,0.0,0.0,0.0,-0.011838344857096672,-0.008643941953778267,-0.011188535951077938,0.13116447656415406,0.08105792233720423,-9.823836851119996
32.59,0.10000000149011612,124.0,25.14117813110352,0.3816851377487183,0.0,0.0,0.0,0.0,0.0,-0.0,1.0,0.0,0.0,0.0,-0.006915258709341289,-0.006441828794777393,-0.0059426715597510355,0.14508730916306378,0.06601488199084997,-9.836058701276777
32.79,0.10000000149011612,124.0,25.144933700561523,0.3896369338035584,0.0,0.0,0.0,0.0,0.0,-0.0,1.0,0.0,0.0,0.0,-0.00048050508485175664,-0.0019710580818355088,0.009260442107915878,0.13330640302039684,0.08179045968689025,-9.825092833042145
32.9,0.10000000149011612,127.0,25.14242935180664,0.3896369338035584,0.0,0.0,0.0,0.0,0.0,-0.0,1.0,0.0,0.0,0.0,-0.007435480132699013,-0.009684825316071509,-0.012475412338972092,0.12002704736776652,0.07162187757901847,-9.803811306953431
33.0,0.10000000149011612,127.0,25.14242935180664,0.3896369338035584,0.0,0.0,0.0,0.0,0.0,-0.0,1.0,0.0,0.0,0.0,0.002362449653446675,0.0046468977816402895,0.01266559213399887,0.11934549956582488,0.03629229939775542,-9.7956567800045
33.2,0.10000000149011612,127.0,25.144933700561523,0.3896369338035584,0.0,0.0,0.0,0.0,0.0,-0.0,1.0,0.0,0.0,0.0,0.005628666840493679,0.002016696147620678,0.0038000768981873993,0.1228133918065578,0.05048824950121343,-9.793231939673424
33.29,0.10000000149011612,124.0,25.14743804931641,0.4214440286159515,0.0,0.0,0.0,0.0,0.0,-0.0,1.0,0.0,0.0,0.0,-0.0039048090111464258,-0.002380983438342809,0.003524088300764561,0.12985515707172454,0.03587572411168367,-9.795184909701348
33.49,0.10000000149011612,124.0,25.134918212890625,0.37373337149620056,0.0,0.0,0.0,0.0,0.0,-0.0,1.0,0.0,0.0,0.0,0.002746184123679995,0.002670127432793379,0.009713208302855492,0.14091416962444786,0.04215312581509352,-9.809386042356492
33.69,0.10000000149011612,119.0,25.138673782348643,0.3498780429363251,0.0,0.0,0.0,0.0,0.0,-0.0,1.0,0.0,0.0,0.0,-0.009799344465136528,-0.00622404320165515,-0.010832019150257107,0.14712993345223369,0.07345147135667503,-9.82591027379036
33.79,0.10000000149011612,116.0,25.122398376464844,0.3657816052436829,0.0,0.0,0.0,0.0,0.0,-0.0,1.0,0.0,0.0,0.0,-0.005086927674710751,0.0016309876227751374,-0.0011098544346168637,0.13846272446215152,0.06411313448566944,-9.82932036995888
33.89,0.10000000149011612,110.0,25.13616943359375,0.3578298389911652,0.0,0.0,0.0,0.0,0.0,-0.0,1.0,0.0,0.0,0.0,-0.001731136697344482,-0.0059002642519772035,-0.003416347550228238,0.1224178459402174,0.08305296490900219,-9.811306267976759
34.09,0.10000000149011612,107.0,25.13992691040039,0.40554046630859375,0.0,0.0,0.0,0.0,0.0,-0.0,1.0,0.0,0.0,0.0,-0.005603766068816185,-0.0075222672894597045,-0.006446844898164272,0.12173501905985178,0.0788504248391837,-9.813072127103807
34.19,0.10000000149011612,102.0,25.13992691040039,0.3896369338035584,0.0,0.0,0.0,0.0,0.0,-0.0,1.0,0.0,0.0,0.0,0.007068839855492116,-0.003237775294110179,0.002594413934275508,0.11626657507382332,0.05834286910481753,-9.802709106802943
34.4,0.10000000149011612,100.0,25.14117813110352,0.41349223256111145,0.0,0.0,0.0,0.0,0.0,-0.0,1.0,0.0,0.0,0.0,-0.0031966373790055518,-0.007882649078965187,-0.003736226120963693,0.1172501589730382,0.06581433163024486,-9.805084245800973
34.59,0.10000000149011612,94.0,25.12490081787109,0.3578298389911652,0.0,0.0,0.0,0.0,0.0,-0.0,1.0,0.0,0.0,0.0,-0.008726226165890694,-0.013674861751496792,-0.011185861192643642,0.1273362953402102,0.029069777510594582,-9.795760275721552
34.7,0.10000000149011612,91.0,25.1436824798584,0.3896369338035584,0.0,0.0,0.0,0.0,0.0,-0.0,1.0,0.0,0.0,0.0,0.007288204506039619,0.0001262178411707282,0.005151086021214725,0.1325848474726081,0.047584942476823926,-9.810873574018476
34.79,0.10000000149011612,91.0,25.131162643432607,0.3896369338035584,0.0,0.0,0.0,0.0,0.0,-0.0,1.0,0.0,0.0,0.0,-0.006556630600243807,-0.007246925961226225,-0.0028991240542382,0.1289719899650663,0.03485673258081079,-9.785006076693538
35.0,0.10000000149011612,91.0,25.13742256164551,0.3975887000560761,0.0,0.0,0.0,0.0,0.0,-0.0,1.0,0.0,0.0,0.0,0.0019951201975345607,-0.0004598336527124047,0.010473579168319702,0.15512915287166834,0.038978316122666,-9.810388255119324
35.19,0.10000000149011612,89.0,25.12865829467773,0.40554046630859375,0.0,0.0,0.0,0.0,0.0,-0.0,1.0,0.0,0.0,0.0,-0.008163748309016228,-0.010430437512695793,-0.012479904107749462,0.15275701970793307,0.07952644519507886,-9.82932387828827
35.3,0.10000000149011612,87.0,25.1436824798584,0.40554046630859375,0.0,0.0,0.0,0.0,0.0,-0.0,1.0,0.0,0.0,0.0,-0.006168073043227196,-0.0047847176901996144,-0.0019962124060839415,0.13339924584142865,0.06726299758069218,-9.82712064743042
35.49,0.10000000149011612,84.0,25.131162643432607,0.40554046630859375,0.0,0.0,0.0,0.0,0.0,-0.0,1.0,0.0,0.0,0.0,0.0028672630432993174,0.003017484676092863,0.010868528857827188,0.11230712385848166,0.06610031072515994,-9.800661996603012
35.59,0.10000000149011612,82.0,25.14242935180664,0.3896369338035584,0.0,0.0,0.0,0.0,0.0,-0.0,1.0,0.0,0.0,0.0,-0.009954126551747322,-0.00879885908216238,-0.009912748821079731,0.1197183600626886,0.07892693200148643,-9.80431592166424
35.69,0.10000000149011612,77.0,25.1436824798584,0.3975887000560761,0.0,0.0,0.0,0.0,0.0,-0.0,1.0,0.0,0.0,0.0,0.006282738409936428,0.0021144214551895857,0.006901416927576065,0.11938954554498195,0.06282290980685502,-9.805788250565527
35.89,0.10000000149011612,74.0,25.138673782348643,0.40554046630859375,0.0,0.0,0.0,0.0,0.0,-0.0,1.0,0.0,0.0,0.0,-0.00030046666506677866,-0.006180193740874529,-0.0023429561406373978,0.11997391993179918,0.06977112418971956,-9.812703752517699
35.99,0.10000000149011612,68.0,25.1436824798584,0.40554046630859375,0.0,0.0,0.0,0.0,0.0,-0.0,1.0,0.0,0.0,0.0,0.001080457819625735,-0.001511304173618555,0.011722475290298462,0.1330586912110448,0.040449343104846776,-9.821340090036392
36.2,0.10000000149011612,63.0,25.144933700561523,0.40554046630859375,0.0,0.0,0.0,0.0,0.0,-0.0,1.0,0.0,0.0,0.0,0.009326260536909105,0.00039943159208633006,0.007848767563700676,0.1368526844959706,0.06670274295844138,-9.828780087232593
36.39,0.10000000149011612,49.0,25.144933700561523,0.3896369338035584,0.0,0.0,0.0,0.0,0.0,-0.0,1.0,0.0,0.0,0.0,-0.006863925140351057,-0.01089021936058998,-0.0043686022982001305,0.12710963350720705,0.07964854236692191,-9.825936001539233
36.49,0.10000000149011612,39.0,25.138673782348643,0.3896369338035584,0.0,0.0,0.0,0.0,0.0,-0.0,1.0,0.0,0.0,0.0,0.004822199698537588,0.0015813708305358887,0.009335454553365707,0.1320898715313524,0.046076570972800254,-9.823301246166233
36.59,0.10000000149011612,20.0,25.138673782348643,0.3896369338035584,0.0,0.0,0.0,0.0,0.0,-0.0,1.0,0.0,0.0,0.0,-0.007562592159956694,-0.008480641990900041,-0.010543975047767162,0.12267709686420858,0.057848464180715375,-9.79275422215462
36.79,0.10000000149011612,8.0,25.1436824798584,0.3816851377487183,0.0,0.0,0.0,0.0,0.0,-0.0,1.0,0.0,0.0,0.0,-0.00302146770991385,0.0006625010282732546,0.002198341768234968,0.13896058746613565,0.05191159426700324,-9.816476376056672
36.99,0.10000000149011612,343.0,25.13992691040039,0.40554046630859375,0.0,0.0,0.0,0.0,0.0,-0.0,1.0,0.0,0.0,0.0,0.0072320238687098035,0.0054541886784136295,0.007962442003190517,0.12285498012788595,0.07282110496424139,-9.80499361395836
37.09,0.10000000149011612,330.0,25.131162643432607,0.3896369338035584,0.0,0.0,0.0,0.0,0.0,-0.0,1.0,0.0,0.0,0.0,-0.012085109017789364,-0.005430081393569708,-0.008179423399269579,0.12477046402171255,0.06089617002289744,-9.802893294095991
37.19,0.10000000149011612,307.0,25.14242935180664,0.3975887000560761,0.0,0.0,0.0,0.0,0.0,-0.0,1.0,0.0,0.0,0.0,0.0010349148651584985,0.0005751454154960811,0.0022534134332090608,0.13398448817431927,0.07631839316803962,-9.819915708303453
37.39,0.10000000149011612,297.0,25.14117813110352,0.40554046630859375,0.0,0.0,0.0,0.0,0.0,-0.0,1.0,0.0,0.0,0.0,-0.0059680468402802936,-0.00803331844508648,-0.007126519456505776,0.11774555518291893,0.0623860222985968,-9.798204996585847
37.49,0.10000000149011612,283.0,25.134918212890625,0.40554046630859375,0.0,0.0,0.0,0.0,0.0,-0.0,1.0,0.0,0.0,0.0,0.005576144903898239,0.006930275820195675,0.012373168021440506,0.13510852402076126,0.04389428502414376,-9.804077939987184
37.7,0.10000000149011612,277.0,25.14117813110352,0.3896369338035584,0.0,0.0,0.0,0.0,0.0,-0.0,1.0,0.0,0.0,0.0,0.008508776314556599,0.001843711594119668,0.0018724341643974183,0.1254269053414464,0.06377297728322448,-9.810396441221238
37.89,0.10000000149011612,268.0,25.138673782348643,0.3975887000560761,0.0,0.0,0.0,0.0,0.0,-0.0,1.0,0.0,0.0,0.0,-0.0010230437619611619,0.005533566698431969,0.010005566291511059,0.12411648035980764,0.04041560284327717,-9.809561458826066
38.01,0.10000000149011612,266.0,25.13992691040039,0.40554046630859375,0.0,0.0,0.0,0.0,0.0,-0.0,1.0,0.0,0.0,0.0,0.009776840917766094,0.009474231861531734,0.014207253232598303,0.12746651466004552,0.05611384197603912,-9.822214833498002
38.09,0.10000000149011612,265.0,25.138673782348643,0.3975887000560761,0.0,0.0,0.0,0.0,0.0,-0.0,1.0,0.0,0.0,0.0,-0.007350854109972715,0.0020745899528265,-0.0041080089285969726,0.1250546569749713,0.05910096975043416,-9.807716662287714
38.29,0.10000000149011612,266.0,25.14242935180664,0.3975887000560761,0.0,0.0,0.0,0.0,0.0,-0.0,1.0,0.0,0.0,0.0,0.0013165874406695366,0.013170604594051838,0.012553658336400986,0.12595881924033164,0.045455103311687714,-9.814020545482636
38.39,0.10000000149011612,267.0,25.132413864135746,0.40554046630859375,0.0,0.0,0.0,0.0,0.0,-0.0,1.0,0.0,0.0,0.0,-0.005162944085896015,0.0032311691902577877,-0.00827052816748619,0.11690965916030108,0.07239915526472032,-9.797488127946854
38.59,0.10000000149011612,266.0,25.12615394592285,0.3975887000560761,0.0,0.0,0.0,0.0,0.0,-0.0,1.0,0.0,0.0,0.0,-0.006800653412938118,0.008324922062456608,-0.0030690981075167656,0.1153453553840518,0.06021334771066905,-9.81248623609543
38.79,0.10000000149011612,258.0,25.13992691040039,0.3896369338035584,0.0,0.0,0.0,0.0,0.0,-0.0,1.0,0.0,0.0,0.0,0.002672659233212471,0.014466797001659868,0.006522329989820719,0.11576567882671952,0.05898003288544715,-9.800063826441763
38.9,0.10000000149011612,254.0,25.131162643432607,0.3975887000560761,0.0,0.0,0.0,0.0,0.0,-0.0,1.0,0.0,0.0,0.0,-0.004491847474128008,0.007026801351457834,-0.007709651719778776,0.11522678481414915,0.06897334013599903,-9.813707134723664
38.99,0.0,245.0,25.144933700561523,0.41349223256111145,0.0,0.0,0.0,0.0,0.0,-0.0,1.0,0.0,0.0,0.0,0.008631777018308641,0.01766912080347538,0.006644931621849537,0.11902893679216504,0.05405563577078283,-9.813186732530594
39.2,0.0,239.0,25.13992691040039,0.3975887000560761,0.0,0.0,0.0,0.0,0.0,-0.0,1.0,0.0,0.0,0.0,0.0007506115944124758,0.004565312061458826,-0.002209010999649763,0.10603380150161684,0.0588907120982185,-9.786452677845958
39.29,0.0,225.0,25.13992691040039,0.3975887000560761,0.0,0.0,0.0,0.0,0.0,-0.0,1.0,0.0,0.0,0.0,0.002086252672597766,0.014487184584140778,0.011381953954696657,0.11811073207296433,0.04713858522009105,-9.815587599277498
39.5,0.0,212.0,25.13742256164551,0.40554046630859375,0.0,0.0,0.0,0.0,0.0,-0.0,1.0,0.0,0.0,0.0,0.009245837107300758,0.014086395502090452,0.008799777366220951,0.11576907752081753,0.05205815381370485,-9.811472328901294
39.69,0.0,186.0,25.14242935180664,0.3975887000560761,0.0,0.0,0.0,0.0,0.0,-0.0,1.0,0.0,0.0,0.0,0.000405584170948714,0.007375020533800125,-0.0016767882043495776,0.11525000008754432,0.05506199640221894,-9.809376686811447
39.79,0.0,178.0,25.12865829467773,0.40554046630859375,0.0,0.0,0.0,0.0,0.0,-0.0,1.0,0.0,0.0,0.0,0.0011796985054388642,0.013942123390734196,0.011809826828539371,0.12948175753466787,0.046885327692143625,-9.831742286682127
39.89,0.0,167.0,25.127405166625977,0.3975887000560761,0.0,0.0,0.0,0.0,0.0,-0.0,1.0,0.0,0.0,0.0,-0.005405327305197716,0.005403485614806414,-0.008847968652844429,0.10889478016644716,0.06673431335482746,-9.811013907194136
40.1,0.0,163.0,25.12364959716797,0.3816851377487183,0.0,0.0,0.0,0.0,0.0,-0.0,1.0,0.0,0.0,0.0,-0.005496102850884199,0.006017074454575777,-0.006771719083189964,0.10785253224894403,0.049572306009940816,-9.803689684867859
40.19,0.0,153.0,25.14242935180664,0.3816851377487183,0.0,0.0,0.0,0.0,0.0,-0.0,1.0,0.0,0.0,0.0,-0.0012883316958323119,0.004448942840099336,-0.0026753516867756844,0.10821864103898407,0.07456058309879154,-9.822016028165818
40.4,0.0,148.0,25.12865829467773,0.3975887000560761,0.0,0.0,0.0,0.0,0.0,-0.0,1.0,0.0,0.0,0.0,-0.008548428304493427,0.0016542101511731744,-0.012885794043540956,0.09929973682388664,0.08283842691220343,-9.817746391296387
40.59,0.0,145.0,25.13992691040039,0.3896369338035584,0.0,0.0,0.0,0.0,0.0,-0.0,1.0,0.0,0.0,0.0,-0.005644483957439661,0.00230896077118814,-0.001511835609562695,0.10127582162618637,0.05582234913948923,-9.813097854852675
40.7,0.0,145.0,25.13616943359375,0.3975887000560761,0.0,0.0,0.0,0.0,0.0,-0.0,1.0,0.0,0.0,0.0,-0.0018737226491793988,-0.006569013465195893,-0.005882596131414175,0.09516821301542223,0.06672001051716507,-9.797282890677453
40.79,0.0,153.0,25.12615394592285,0.40554046630859375,0.0,0.0,0.0,0.0,0.0,-0.0,1.0,0.0,0.0,0.0,0.007826569490134716,0.00918908417224884,0.00923387985676527,0.10698309696279466,0.04634577129967511,-9.801826761960985
41.0,0.0,158.0,25.131162643432607,0.3419262766838074,0.0,0.0,0.0,0.0,0.0,-0.0,1.0,0.0,0.0,0.0,0.0007574286428280175,-0.0019362292950972915,0.0019726785831153393,0.10937231495976447,0.061492928629741074,-9.82195053935051
41.09,0.0,168.0,25.13616943359375,0.37373337149620056,0.0,0.0,0.0,0.0,0.0,-0.0,1.0,0.0,0.0,0.0,-0.002453366992995143,2.475150324698916e-07,0.002445395104587078,0.10963543966412544,0.03470552038634196,-9.800364373326305
41.29,0.0,168.0,25.12865829467773,0.3896369338035584,0.0,0.0,0.0,0.0,0.0,-0.0,1.0,0.0,0.0,0.0,0.004947895184159279,0.0031442060135304928,0.0072831413708627215,0.09539862072095276,0.0595263958023861,-9.808262792229652
41.49,0.0,169.0,25.13742256164551,0.3816851377487183,0.0,0.0,0.0,0.0,0.0,-0.0,1.0,0.0,0.0,0.0,-0.001656948821619153,-0.010862355120480059,-0.008981369435787201,0.10573392156511546,0.05933961837552487,-9.815601632595065
41.6,0.10000000149011612,171.0,25.134918212890625,0.3657816052436829,0.0,0.0,0.0,0.0,0.0,-0.0,1.0,0.0,0.0,0.0,0.004189229570329189,-0.00335064553655684,0.008652102202177048,0.09863170157186688,0.053431838359683764,-9.815901010036471
41.8,0.10000000149011612,177.0,25.138673782348643,0.3896369338035584,0.0,0.0,0.0,0.0,0.0,-0.0,1.0,0.0,0.0,0.0,-0.009025945328176022,-0.010779229924082756,-0.007366256322711706,0.11468506769277155,0.06265375168528409,-9.808365703225137
41.9,0.10000000149011612,180.0,25.134918212890625,0.3896369338035584,0.0,0.0,0.0,0.0,0.0,-0.0,1.0,0.0,0.0,0.0,0.00160003372002393,-0.004428993444889785,0.005606437101960182,0.1161541166715324,0.053141167787835,-9.812800816297534
42.09,0.10000000149011612,188.0,25.12990951538086,0.40554046630859375,0.0,0.0,0.0,0.0,0.0,-0.0,1.0,0.0,0.0,0.0,0.005864049773663282,-0.004061168059706688,0.004130510147660971,0.10711578307673336,0.08386976611800492,-9.831563361883164
42.19,0.10000000149011612,188.0,25.12364959716797,0.40554046630859375,0.0,0.0,0.0,0.0,0.0,-0.0,1.0,0.0,0.0,0.0,-0.003740691114217043,-0.009967544116079807,0.0017665853956714272,0.10002804407849908,0.0483038576412946,-9.794757478237152
42.29,0.10000000149011612,185.0,25.13742256164551,0.40554046630859375,0.0,0.0,0.0,0.0,0.0,-0.0,1.0,0.0,0.0,0.0,-0.004308013245463371,-0.015546281822025774,-0.009653086774051193,0.10728879670612516,0.08035350644029678,-9.803676820993424
42.49,0.10000000149011612,186.0,25.131162643432607,0.40554046630859375,0.0,0.0,0.0,0.0,0.0,-0.0,1.0,0.0,0.0,0.0,-0.009527058340609074,-0.012828556820750237,-0.007958522066473961,0.1184850635100156,0.06237685404717923,-9.800286605358123
42.59,0.10000000149011612,184.0,25.13742256164551,0.3896369338035584,0.0,0.0,0.0,0.0,0.0,-0.0,1.0,0.0,0.0,0.0,-0.00048179944860748963,-0.010455181822180748,-0.0014918383676558733,0.12372815215028825,0.07238423572853207,-9.808850437402723
42.8,0.10000000149011612,183.0,25.13616943359375,0.40554046630859375,0.0,0.0,0.0,0.0,0.0,-0.0,1.0,0.0,0.0,0.0,-0.007302705664187671,-0.01232245285063982,-0.00993396621197462,0.14283381052315236,0.06736161909531803,-9.820712099075315
42.99,0.10000000149011612,182.0,25.13742256164551,0.40554046630859375,0.0,0.0,0.0,0.0,0.0,-0.0,1.0,0.0,0.0,0.0,-0.002960417186841369,-0.0008537432877346872,-0.0009555182768963275,0.1352184973563999,0.053823103881441056,-9.805311702489849
43.09,0.10000000149011612,180.0,25.12615394592285,0.40554046630859375,0.0,0.0,0.0,0.0,0.0,-0.0,1.0,0.0,0.0,0.0,-0.005245084874331951,-0.00607869541272521,-0.007721138652414083,0.12680153092369434,0.0739063573256135,-9.820282913446428
43.29,0.10000000149011612,177.0,25.13616943359375,0.40554046630859375,0.0,0.0,0.0,0.0,0.0,-0.0,1.0,0.0,0.0,0.0,0.004991831257939339,0.006177723407745361,0.01168124470859766,0.1295134329982102,0.04337044759187848,-9.813639307022095
43.4,0.10000000149011612,175.0,25.138673782348643,0.41349223256111145,0.0,0.0,0.0,0.0,0.0,-0.0,1.0,0.0,0.0,0.0,0.005194101482629776,0.007911904715001583,0.007509153336286546,0.11244736567139628,0.05160567982122302,-9.792737265229226
43.59,0.10000000149011612,170.0,25.122398376464844,0.3975887000560761,0.0,0.0,0.0,0.0,0.0,-0.0,1.0,0.0,0.0,0.0,-0.004842513706535101,0.003881842363625765,-0.004660053178668022,0.10877497619949282,0.04397357875015587,-9.79487208366394
43.69,0.10000000149011612,168.0,25.134918212890625,0.3975887000560761,0.0,0.0,0.0,0.0,0.0,-0.0,1.0,0.0,0.0,0.0,0.004323503002524376,0.012111146003007887,0.008317275904119016,0.12224108643829824,0.04275986123364419,-9.803473337888716
43.79,0.10000000149011612,164.0,25.13616943359375,0.40554046630859375,0.0,0.0,0.0,0.0,0.0,-0.0,1.0,0.0,0.0,0.0,-0.009804357774555685,0.00021168877719901505,-0.010917398147284985,0.10989654525183144,0.06836273093707859,-9.803703718185423
43.99,0.10000000149011612,163.0,25.13992691040039,0.40554046630859375,0.0,0.0,0.0,0.0,0.0,-0.0,1.0,0.0,0.0,0.0,-0.000616863660980016,0.00892307050526142,0.005013640969991684,0.1171186240296811,0.05110894971527159,-9.804353343844417
44.09,0.10000000149011612,162.0,25.131162643432607,0.3975887000560761,0.0,0.0,0.0,0.0,0.0,-0.0,1.0,0.0,0.0,0.0,1.0841230505320713e-05,0.003867731429636478,-0.004211589228361845,0.10654139463789762,0.06871639612130821,-9.79154618740082
44.29,0.10000000149011612,162.0,25.131162643432607,0.40554046630859375,0.0,0.0,0.0,0.0,0.0,-0.0,1.0,0.0,0.0,0.0,-0.007023496553301811,0.005443768110126257,-0.011432337574660778,0.1036421715281904,0.07174922810867429,-9.801207541823388
44.49,0.10000000149011612,165.0,25.13366508483887,0.41349223256111145,0.0,0.0,0.0,0.0,0.0,-0.0,1.0,0.0,0.0,0.0,-0.00700780563056469,0.010308686643838879,-0.0023143794387578964,0.1040852808393538,0.0522413589572534,-9.797415622472764
44.59,0.10000000149011612,166.0,25.12490081787109,0.3975887000560761,0.0,0.0,0.0,0.0,0.0,-0.0,1.0,0.0,0.0,0.0,0.0015954410191625355,0.009072120301425457,-0.004611308220773935,0.11085737069137397,0.0689091806486249,-9.812432441711426
44.69,0.10000000149011612,169.0,25.138673782348643,0.3975887000560761,0.0,0.0,0.0,0.0,0.0,-0.0,1.0,0.0,0.0,0.0,0.002379232319071889,0.01614101603627205,0.011439641937613487,0.1139113805629313,0.04684557119384408,-9.823383107185364
44.89,0.10000000149011612,169.0,25.12990951538086,0.3896369338035584,0.0,0.0,0.0,0.0,0.0,-0.0,1.0,0.0,0.0,0.0,0.007045627571642399,0.010691354051232338,0.011328672058880327,0.10531730744987727,0.04397723782807589,-9.79862891972065
45.09,0.10000000149011612,172.0,25.132413864135746,0.41349223256111145,0.0,0.0,0.0,0.0,0.0,-0.0,1.0,0.0,0.0,0.0,0.002036800840869546,0.004441396798938514,-0.002524357521906495,0.09409384195692838,0.0568470782507211,-9.806082365512848
45.19,0.10000000149011612,174.0,25.13992691040039,0.41349223256111145,0.0,0.0,0.0,0.0,0.0,-0.0,1.0,0.0,0.0,0.0,0.002295945305377245,0.009557398967444895,0.010325245559215546,0.10991658110171557,0.05558417560067029,-9.818710012435911
45.29,0.10000000149011612,179.0,25.12490081787109,0.3975887000560761,0.0,0.0,0.0,0.0,0.0,-0.0,1.0,0.0,0.0,0.0,-0.007707581389695406,-0.0003970815450884402,-0.011528223752975464,0.09325901487842203,0.08304764759726822,-9.812271058559418
45.5,0.10000000149011612,180.0,25.12490081787109,0.3975887000560761,0.0,0.0,0.0,0.0,0.0,-0.0,1.0,0.0,0.0,0.0,-0.007877652533352375,0.003771041519939899,-0.002788885496556759,0.09429526939988137,0.06065582661889494,-9.806248426437376
45.59,0.10000000149011612,183.0,25.122398376464844,0.3975887000560761,0.0,0.0,0.0,0.0,0.0,-0.0,1.0,0.0,0.0,0.0,-0.0008841360686346889,0.0007562240934930742,-0.0037520613986998796,0.08791864318773153,0.07545560908969492,-9.812233636379242
45.8,0.10000000149011612,184.0,25.13742256164551,0.40554046630859375,0.0,0.0,0.0,0.0,0.0,-0.0,1.0,0.0,0.0,0.0,-0.01234744768589735,-0.00362910469993949,-0.01036671083420515,0.0986713438667357,0.07810014484450221,-9.807789167761802
45.99,0.10000000149011612,184.0,25.138673782348643,0.3975887000560761,0.0,0.0,0.0,0.0,0.0,-0.0,1.0,0.0,0.0,0.0,0.0061399932019412535,0.006987962871789932,0.007480152416974306,0.09906796781346204,0.06965930532664061,-9.827496038675307
46.09,0.10000000149011612,182.0,25.13616943359375,0.3816851377487183,0.0,0.0,0.0,0.0,0.0,-0.0,1.0,0.0,0.0,0.0,-0.0026128957979381084,-0.002195692388340831,-0.007770896889269352,0.09010296195745468,0.07205860063433647,-9.786373155713084
46.19,0.10000000149011612,181.0,25.134918212890625,0.4214440286159515,0.0,0.0,0.0,0.0,0.0,-0.0,1.0,0.0,0.0,0.0,0.005681766662746668,0.005443456582725048,0.008431398309767245,0.08865632425993683,0.05315599596127868,-9.796926795244216
46.4,0.10000000149011612,181.0,25.12114524841309,0.3975887000560761,0.0,0.0,0.0,0.0,0.0,-0.0,1.0,0.0,0.0,0.0,0.0013872648123651745,0.0038865853566676383,0.0028013736009597787,0.0956726632732898,0.06152764647267759,-9.798291535377503
46.49,0.10000000149011612,184.0,25.134918212890625,0.41349223256111145,0.0,0.0,0.0,0.0,0.0,-0.0,1.0,0.0,0.0,0.0,0.0008471693145111202,0.0028794878162443642,-0.0029755067080259323,0.0904044955596328,0.06146361489314586,-9.804163894057274
46.7,0.10000000149011612,186.0,25.13742256164551,0.3896369338035584,0.0,0.0,0.0,0.0,0.0,-0.0,1.0,0.0,0.0,0.0,0.0106621365994215,0.004461633972823621,0.008580202236771584,0.09381371464580296,0.04334707700181753,-9.797001639604568
46.89,0.10000000149011612,185.0,25.114885330200195,0.40554046630859375,0.0,0.0,0.0,0.0,0.0,-0.0,1.0,0.0,0.0,0.0,0.0012717123609036207,-0.005339773371815682,0.002617881866171956,0.09905456489883364,0.06167618402279914,-9.802034922838214
47.1,0.20000000298023224,185.0,25.131162643432607,0.40554046630859375,0.0,0.0,0.0,0.0,0.0,-0.0,1.0,0.0,0.0,0.0,-0.002833834616467357,-0.0037910128012299533,0.006160440854728222,0.10795064670033754,0.049148867097683256,-9.808049953579904
47.19,0.20000000298023224,186.0,25.12490081787109,0.3896369338035584,0.0,0.0,0.0,0.0,0.0,-0.0,1.0,0.0,0.0,0.0,0.00584055483341217,-0.0003249626897741109,0.011893445625901222,0.09569259862415493,0.05215839701704681,-9.787361919879912
47.39,0.20000000298023224,188.0,25.134918212890625,0.3975887000560761,0.0,0.0,0.0,0.0,0.0,-0.0,1.0,0.0,0.0,0.0,0.0025521190837025642,-0.0045017823576927185,-0.003192921169102193,0.08907426313497127,0.05825259814504535,-9.785082675218582
47.49,0.20000000298023224,187.0,25.13616943359375,0.40554046630859375,0.0,0.0,0.0,0.0,0.0,-0.0,1.0,0.0,0.0,0.0,0.0046390346251428145,0.0008093196665868162,0.008767998777329922,0.09792760544456544,0.04264643438626081,-9.800649132728577
47.59,0.20000000298023224,186.0,25.138673782348643,0.3896369338035584,0.0,0.0,0.0,0.0,0.0,-0.0,1.0,0.0,0.0,0.0,-0.008729979395866394,-0.012449786067008972,-0.01067456416785717,0.09230850429274144,0.07094975841231645,-9.801067208647726
47.79,0.20000000298023224,186.0,25.12615394592285,0.41349223256111145,0.0,0.0,0.0,0.0,0.0,-0.0,1.0,0.0,0.0,0.0,-0.003775655757635832,-0.004236046690493822,-0.0007843271596357226,0.11258008833043276,0.05070448227692397,-9.822389080524443
47.89,0.20000000298023224,185.0,25.132413864135746,0.3896369338035584,0.0,0.0,0.0,0.0,0.0,-0.0,1.0,0.0,0.0,0.0,-0.006208063568919897,-0.013970487751066685,-0.009829241782426834,0.0992077071312815,0.07065605459734797,-9.802478141784668
48.09,0.20000000298023224,185.0,25.12865829467773,0.3816851377487183,0.0,0.0,0.0,0.0,0.0,-0.0,1.0,0.0,0.0,0.0,-0.007394755724817514,-0.01386180054396391,-0.01121249608695507,0.09388409136794508,0.06523306357674301,-9.803467490673066
48.29,0.20000000298023224,181.0,25.12865829467773,0.3578298389911652,0.0,0.0,0.0,0.0,0.0,-0.0,1.0,0.0,0.0,0.0,0.0037773083895444866,-0.0027074518147856,0.005419239401817322,0.08667508659884332,0.06467064365744593,-9.78632930159569
48.39,0.20000000298023224,180.0,25.131162643432607,0.3896369338035584,0.0,0.0,0.0,0.0,0.0,-0.0,1.0,0.0,0.0,0.0,-0.009756536222994328,-0.01598881371319294,-0.00982705969363451,0.10690736638382076,0.08109761031344534,-9.822797216176989
48.5,0.20000000298023224,178.0,25.134918212890625,0.3896369338035584,0.0,0.0,0.0,0.0,0.0,-0.0,1.0,0.0,0.0,0.0,0.0035293658729642634,-0.0070010730996727935,0.005227041430771351,0.09823722464963794,0.0716682533081621,-9.812892032861713
48.69,0.20000000298023224,176.0,25.12490081787109,0.3896369338035584,0.0,0.0,0.0,0.0,0.0,-0.0,1.0,0.0,0.0,0.0,-0.00848805345594883,-0.014755980111658571,-0.011840127408504486,0.10332209128886463,0.08159180967137218,-9.805623943805696
48.89,0.20000000298023224,172.0,25.12490081787109,0.3578298389911652,0.0,0.0,0.0,0.0,0.0,-0.0,1.0,0.0,0.0,0.0,0.0066153211519122115,-0.00034967999090440566,0.005802268162369728,0.125147737339139,0.053011387009173634,-9.819619839191438
48.99,0.20000000298023224,169.0,25.11238098144531,0.3896369338035584,0.0,0.0,0.0,0.0,0.0,-0.0,1.0,0.0,0.0,0.0,0.002105793682858348,-0.009001615457236767,-0.003497418947517872,0.1026181139331311,0.06693525657523422,-9.801360738873482
49.19,0.20000000298023224,165.0,25.12364959716797,0.37373337149620056,0.0,0.0,0.0,0.0,0.0,-0.0,1.0,0.0,0.0,0.0,-0.008067320100963116,-0.014658261090517044,-0.012359482236206532,0.11385102633386852,0.05203054399229586,-9.810285344123841
49.29,0.20000000298023224,164.0,25.13366508483887,0.3896369338035584,0.0,0.0,0.0,0.0,0.0,-0.0,1.0,0.0,0.0,0.0,0.006485743913799524,0.0014629838988184927,0.007678992580622435,0.09474733226001264,0.05171060079708696,-9.790665596723557
49.49,0.20000000298023224,160.0,25.127405166625977,0.41349223256111145,0.0,0.0,0.0,0.0,0.0,-0.0,1.0,0.0,0.0,0.0,-0.007580873556435108,-0.008644130080938341,-0.003826850093901157,0.10378550140187144,0.04336284164339304,-9.791895850896836
49.59,0.20000000298023224,158.0,25.12114524841309,0.4373475611209869,0.0,0.0,0.0,0.0,0.0,-0.0,1.0,0.0,0.0,0.0,0.0015495064435526724,-0.00485202856361866,0.010713076218962671,0.11374670835211875,0.04372513147071004,-9.810125130414963
49.79,0.20000000298023224,153.0,25.13616943359375,0.40554046630859375,0.0,0.0,0.0,0.0,0.0,-0.0,1.0,0.0,0.0,0.0,0.004995373543351889,-0.007554145064204931,0.008453899994492529,0.09827825565822423,0.06307719516567886,-9.80196007847786
49.9,0.10000000149011612,153.0,25.131162643432607,0.3896369338035584,0.0,0.0,0.0,0.0,0.0,-0.0,1.0,0.0,0.0,0.0,-0.0037403483875095844,-0.01525848638266325,-0.002577760023996234,0.10916008844040334,0.061220768149942165,-9.800284266471863
49.99,0.10000000149011612,150.0,25.131162643432607,0.3975887000560761,0.0,0.0,0.0,0.0,0.0,-0.0,1.0,0.0,0.0,0.0,-0.0020627775229513645,-0.008988833054900171,-0.009581845253705978,0.10379947076551617,0.07651119596790522,-9.811478176116943
50.19,0.10000000149011612,150.0,25.13616943359375,0.40554046630859375,0.0,0.0,0.0,0.0,0.0,-0.0,1.0,0.0,0.0,0.0,-0.01236818451434374,-0.016869686543941498,-0.010530090890824795,0.09774064986035227,0.07096259944606573,-9.784283945560457
50.3,0.10000000149011612,149.0,25.12615394592285,0.40554046630859375,0.0,0.0,0.0,0.0,0.0,-0.0,1.0,0.0,0.0,0.0,0.008805854246020317,-0.004939993377774954,0.0038350820541381853,0.11424514694139362,0.06274654425680637,-9.803882058262824
50.49,0.10000000149011612,149.0,25.13616943359375,0.40554046630859375,0.0,0.0,0.0,0.0,0.0,-0.0,1.0,0.0,0.0,0.0,-0.001853328081779182,-0.011434024199843408,-0.010959096252918243,0.10695702203549444,0.08081434926018119,-9.820579952001573
50.69,0.10000000149011612,150.0,25.12364959716797,0.3896369338035584,0.0,0.0,0.0,0.0,0.0,-0.0,1.0,0.0,0.0,0.0,-0.010801529511809349,-0.012499566189944744,-0.009786712005734444,0.11559487617574632,0.0590789604652673,-9.828046846389773
50.8,0.10000000149011612,151.0,25.13366508483887,0.40554046630859375,0.0,0.0,0.0,0.0,0.0,-0.0,1.0,0.0,0.0,0.0,0.001830854220315814,-0.006457986775785686,0.002497808076441288,0.10345616611652077,0.0555871768668294,-9.814383072853088
50.9,0.10000000149011612,156.0,25.134918212890625,0.3816851377487183,0.0,0.0,0.0,0.0,0.0,-0.0,1.0,0.0,0.0,0.0,-0.006475612055510282,-0.012869929894804956,-0.00037026870995759964,0.11009144025854767,0.05245661415159703,-9.818338129520416
51.1,0.10000000149011612,159.0,25.127405166625977,0.40554046630859375,0.0,0.0,0.0,0.0,0.0,-0.0,1.0,0.0,0.0,0.0,0.008744660764932629,-0.00591637147590518,0.007664328906685114,0.11807162881828845,0.03434960996266455,-9.79342314362526
51.29,0.10000000149011612,163.0,25.11613655090332,0.4214440286159515,0.0,0.0,0.0,0.0,0.0,-0.0,1.0,0.0,0.0,0.0,0.005002030171453953,-0.01213148608803749,0.00020201918960083281,0.11505928035825493,0.06817293397150934,-9.805906364321707
51.4,0.10000000149011612,166.0,25.132413864135746,0.40554046630859375,0.0,0.0,0.0,0.0,0.0,-0.0,1.0,0.0,0.0,0.0,-0.002060531172901392,-0.008372843265533447,0.00379710691049695,0.1165117561351508,0.05221739450935275,-9.808166897892953
51.5,0.20000000298023224,169.0,25.13742256164551,0.4214440286159515,0.0,0.0,0.0,0.0,0.0,-0.0,1.0,0.0,0.0,0.0,-0.005577006842941046,-0.014064649119973184,-0.01486627571284771,0.12322890956886115,0.06716808082535862,-9.80756580412388
51.7,0.20000000298023224,170.0,25.12114524841309,0.40554046630859375,0.0,0.0,0.0,0.0,0.0,-0.0,1.0,0.0,0.0,0.0,-0.004396703559905291,-0.011788571253418922,-0.0018909721402451398,0.12357069759629667,0.05526158288586885,-9.807592701315881
51.79,0.20000000298023224,172.0,25.13366508483887,0.4214440286159515,0.0,0.0,0.0,0.0,0.0,-0.0,1.0,0.0,0.0,0.0,-0.004010473378002644,-0.009271160699427128,-0.007838389836251736,0.11460553642362355,0.07041945249773562,-9.81035551071167
51.99,0.20000000298023224,173.0,25.12865829467773,0.3975887000560761,0.0,0.0,0.0,0.0,0.0,-0.0,1.0,0.0,0.0,0.0,-0.00762276304885745,-0.009352416731417179,-0.00792471319437027,0.11844927672296765,0.061870361831970526,-9.801620355248447
52.19,0.20000000298023224,175.0,25.132413864135746,0.3896369338035584,0.0,0.0,0.0,0.0,0.0,-0.0,1.0,0.0,0.0,0.0,0.0008041866240091622,0.0008286329684779048,0.006415544543415308,0.11997282357886435,0.07562337392941118,-9.818260946273805
52.29,0.20000000298023224,176.0,25.118640899658203,0.3975887000560761,0.0,0.0,0.0,0.0,0.0,-0.0,1.0,0.0,0.0,0.0,-0.004791114013642073,-0.008150742389261724,-0.00867473240941763,0.12357640776783227,0.07531346693169326,-9.810244413614273
52.39,0.20000000298023224,175.0,25.134918212890625,0.41349223256111145,0.0,0.0,0.0,0.0,0.0,-0.0,1.0,0.0,0.0,0.0,0.00555451074615121,-0.0012834699591621757,0.0021877740509808072,0.1286938452254981,0.05800852257292718,-9.805748489499091
52.59,0.20000000298023224,174.0,25.118640899658203,0.3896369338035584,0.0,0.0,0.0,0.0,0.0,-0.0,1.0,0.0,0.0,0.0,-0.00960574857890606,-0.006860442459583282,-0.007489709649235009,0.12841533503495156,0.07950235283933581,-9.814350328445435
52.79,0.20000000298023224,174.0,25.11989402770996,0.3975887000560761,0.0,0.0,0.0,0.0,0.0,-0.0,1.0,0.0,0.0,0.0,0.006760831922292709,0.0020932415500283237,0.007103318348526955,0.1230751460697502,0.04705855602398515,-9.797688687443731
52.89,0.20000000298023224,174.0,25.131162643432607,0.3896369338035584,0.0,0.0,0.0,0.0,0.0,-0.0,1.0,0.0,0.0,0.0,-0.004833897110074759,-0.0029593594372272487,-0.004352892283350229,0.12295565273612738,0.07395031194202603,-9.806450740098953
53.09,0.20000000298023224,176.0,25.11989402770996,0.40554046630859375,0.0,0.0,0.0,0.0,0.0,-0.0,1.0,0.0,0.0,0.0,-0.012930098921060562,0.0010997069766744973,-0.006014715880155563,0.13559089190326631,0.04261331082321704,-9.813015993833544
53.2,0.20000000298023224,177.0,25.12990951538086,0.4373475611209869,0.0,0.0,0.0,0.0,0.0,-0.0,1.0,0.0,0.0,0.0,0.002353972988203168,0.005957784131169319,-0.0009342654375359416,0.1193692356068641,0.06520390058867634,-9.803698455691338
53.39,0.20000000298023224,179.0,25.127405166625977,0.41349223256111145,0.0,0.0,0.0,0.0,0.0,-0.0,1.0,0.0,0.0,0.0,0.0012563783675432205,0.014678191393613815,0.007269537076354027,0.12221460951492193,0.044379229336045684,-9.81096712946892
53.49,0.20000000298023224,179.0,25.11989402770996,0.44529932737350464,0.0,0.0,0.0,0.0,0.0,-0.0,1.0,0.0,0.0,0.0,0.00832513999193907,0.01514002215117216,0.01020571868866682,0.12016326921992004,0.05066261529922485,-9.807459384799003
53.69,0.20000000298023224,177.0,25.134918212890625,0.40554046630859375,0.0,0.0,0.0,0.0,0.0,-0.0,1.0,0.0,0.0,0.0,0.0005120359128341079,0.0065452647395432,-0.0027200339827686553,0.11588607665151356,0.05305725567508489,-9.806775260567663
53.79,0.20000000298023224,177.0,25.12990951538086,0.3896369338035584,0.0,0.0,0.0,0.0,0.0,-0.0,1.0,0.0,0.0,0.0,0.0068488712422549725,0.01540285814553499,0.007100414019078015,0.11484428554773332,0.047909705056808895,-9.80913051903248
53.9,0.20000000298023224,174.0,25.132413864135746,0.3816851377487183,0.0,0.0,0.0,0.0,0.0,-0.0,1.0,0.0,0.0,0.0,-0.006755588576197624,0.003289691172540188,-0.006191335152834654,0.10965322799049318,0.06297841376625002,-9.803509590625763
54.1,0.20000000298023224,175.0,25.11363220214844,0.3896369338035584,0.0,0.0,0.0,0.0,0.0,-0.0,1.0,0.0,0.0,0.0,0.002264526905491948,0.012001936323940754,0.006529897917062044,0.11992872278206053,0.04967592506669462,-9.824018114805222
54.19,0.20000000298023224,173.0,25.131162643432607,0.3975887000560761,0.0,0.0,0.0,0.0,0.0,-0.0,1.0,0.0,0.0,0.0,-0.00580666260793805,0.00662086671218276,-0.009837601333856584,0.10395465038716792,0.06924056245945394,-9.804383749365806
54.4,0.20000000298023224,173.0,25.127405166625977,0.3975887000560761,0.0,0.0,0.0,0.0,0.0,-0.0,1.0,0.0,0.0,0.0,-0.003640756709501147,0.008770917542278767,0.000722662138286978,0.09486729154363276,0.05011102186515928,-9.791933273077012
54.59,0.20000000298023224,171.0,25.12114524841309,0.40554046630859375,0.0,0.0,0.0,0.0,0.0,-0.0,1.0,0.0,0.0,0.0,-0.00038632372161373496,0.0038274610415101047,-0.0048024314455688,0.09457608193159103,0.06545465477742254,-9.795422306656837
54.7,0.20000000298023224,171.0,25.12865829467773,0.40554046630859375,0.0,0.0,0.0,0.0,0.0,-0.0,1.0,0.0,0.0,0.0,-0.00946897640824318,0.0029931673780083656,-0.005395947955548763,0.08494870531372728,0.06202781181782485,-9.792322697639467
54.8,0.20000000298023224,168.0,25.12990951538086,0.3896369338035584,0.0,0.0,0.0,0.0,0.0,-0.0,1.0,0.0,0.0,0.0,0.0025672593619674444,0.005543728824704886,0.0010209998581558466,0.09172724537551404,0.06373008704278617,-9.802418500185011
55.0,0.20000000298023224,167.0,25.11238098144531,0.3816851377487183,0.0,0.0,0.0,0.0,0.0,-0.0,1.0,0.0,0.0,0.0,-0.006026847288012505,0.0008906539878807963,-0.010996514931321144,0.08744273465126752,0.06765067711472511,-9.796663085818293
55.09,0.20000000298023224,166.0,25.12114524841309,0.3339745104312897,0.0,0.0,0.0,0.0,0.0,-0.0,1.0,0.0,0.0,0.0,0.004752476233989,0.01037810742855072,0.0034113142173737288,0.10534132671542466,0.05406236006878316,-9.800958450436593
55.29,0.20000000298023224,166.0,25.108625411987305,0.3816851377487183,0.0,0.0,0.0,0.0,0.0,-0.0,1.0,0.0,0.0,0.0,-0.007432227022945881,0.0031331181526184078,-0.010003296658396721,0.10141317637637258,0.08234250079840423,-9.806290526390075
55.49,0.20000000298023224,165.0,25.11238098144531,0.3816851377487183,0.0,0.0,0.0,0.0,0.0,-0.0,1.0,0.0,0.0,0.0,-0.00798108521848917,0.001955095212906599,-0.007753422018140554,0.11026706686243416,0.056504029417410485,-9.807866351008416
55.59,0.20000000298023224,165.0,25.108625411987305,0.3896369338035584,0.0,0.0,0.0,0.0,0.0,-0.0,1.0,0.0,0.0,0.0,-0.0005864493432454765,0.0016077602049335835,-0.0020848934073001146,0.09589769884943962,0.06746562187559903,-9.799016005396844
55.69,0.20000000298023224,166.0,25.12990951538086,0.3657816052436829,0.0,0.0,0.0,0.0,0.0,-0.0,1.0,0.0,0.0,0.0,0.005339669529348612,0.013472809456288816,0.0119651947170496,0.10810009787790477,0.05631455678958446,-9.815101110935212
55.9,0.20000000298023224,165.0,25.127405166625977,0.37373337149620056,0.0,0.0,0.0,0.0,0.0,-0.0,1.0,0.0,0.0,0.0,0.003043862525373697,0.011049314402043821,0.006844591349363327,0.0895368875283748,0.049176920028403404,-9.791446784734728
56.1,0.20000000298023224,164.0,25.12114524841309,0.37373337149620056,0.0,0.0,0.0,0.0,0.0,-0.0,1.0,0.0,0.0,0.0,-0.0033147954382002354,-0.0008252970292232933,-0.007596655283123255,0.10036082373932004,0.048033442189916974,-9.799370931386948
56.2,0.20000000298023224,163.0,25.127405166625977,0.41349223256111145,0.0,0.0,0.0,0.0,0.0,-0.0,1.0,0.0,0.0,0.0,0.003790570423007011,0.012947405688464642,0.010867921635508536,0.10612173814326524,0.04855457985308022,-9.814153861999511
56.29,0.20000000298023224,163.0,25.114885330200195,0.3896369338035584,0.0,0.0,0.0,0.0,0.0,-0.0,1.0,0.0,0.0,0.0,-0.009217444807291031,0.0008384314714930953,-0.007794278208166361,0.10016093119047582,0.06436879028566182,-9.805598216056824
56.5,0.20000000298023224,163.0,25.12114524841309,0.3816851377487183,0.0,0.0,0.0,0.0,0.0,-0.0,1.0,0.0,0.0,0.0,0.003297676099464297,0.011275371536612507,0.0065681105479598045,0.10954191162250937,0.05397636945359409,-9.811844211816787
56.59,0.20000000298023224,163.0,25.12865829467773,0.40554046630859375,0.0,0.0,0.0,0.0,0.0,-0.0,1.0,0.0,0.0,0.0,-0.007343672215938569,-0.0022858560550957927,-0.01223793998360634,0.08964758262969554,0.07156066454015672,-9.7978407150507
56.79,0.20000000298023224,162.0,25.12865829467773,0.3896369338035584,0.0,0.0,0.0,0.0,0.0,-0.0,1.0,0.0,0.0,0.0,-0.004191072192043066,0.0102783078327775,-0.00016727609909139576,0.10530859144404532,0.06279055369086564,-9.816847089529038
56.99,0.20000000298023224,161.0,25.11989402770996,0.3816851377487183,0.0,0.0,0.0,0.0,0.0,-0.0,1.0,0.0,0.0,0.0,-0.0033221621997654442,0.003444488858804107,-0.0072390241548419,0.10147484622895718,0.08395181899890304,-9.817610735893249
57.09,0.20000000298023224,161.0,25.12615394592285,0.3657816052436829,0.0,0.0,0.0,0.0,0.0,-0.0,1.0,0.0,0.0,0.0,-0.009680226445198059,0.0004309035721234977,-0.006353392265737057,0.09504079853184524,0.06814073317218572,-9.807162930965424
57.29,0.20000000298023224,161.0,25.127405166625977,0.3975887000560761,0.0,0.0,0.0,0.0,0.0,-0.0,1.0,0.0,0.0,0.0,-0.002172170439735055,0.007685304619371891,0.007236200384795666,0.10625401312485336,0.06925228429958225,-9.818136985301972
57.41,0.20000000298023224,161.0,25.12865829467773,0.40554046630859375,0.0,0.0,0.0,0.0,0.0,-0.0,1.0,0.0,0.0,0.0,-0.005958120338618754,0.0006424427847377956,-0.0071324738673865795,0.09406118891201913,0.07317695371806622,-9.805542667508126
57.49,0.20000000298023224,163.0,25.12615394592285,0.3975887000560761,0.0,0.0,0.0,0.0,0.0,-0.0,1.0,0.0,0.0,0.0,0.0066576735116541386,0.01349121890962124,0.00897445995360613,0.11288723160512745,0.05065330543555319,-9.812439458370207
57.7,0.20000000298023224,161.0,25.11613655090332,0.3975887000560761,0.0,0.0,0.0,0.0,0.0,-0.0,1.0,0.0,0.0,0.0,-0.0012402827851474285,0.001856085960753262,0.0020420392975211143,0.10607868801802398,0.06261932163499298,-9.814794716835022
57.89,0.20000000298023224,162.0,25.12615394592285,0.3816851377487183,0.0,0.0,0.0,0.0,0.0,-0.0,1.0,0.0,0.0,0.0,0.004099354613572359,0.012986894696950912,0.0063849445432424545,0.11713382679037752,0.04765319044701755,-9.83053425192833
58.0,0.20000000298023224,162.0,25.127405166625977,0.3816851377487183,0.0,0.0,0.0,0.0,0.0,-0.0,1.0,0.0,0.0,0.0,0.007665908429771663,0.01334301196038723,0.0070034749805927285,0.10649387687444688,0.04700089699588717,-9.8144064617157
58.19,0.20000000298023224,164.0,25.127405166625977,0.3816851377487183,0.0,0.0,0.0,0.0,0.0,-0.0,1.0,0.0,0.0,0.0,-0.0040886085480451575,0.00668671540915966,-0.005287077277898789,0.11055462196469308,0.060532263075001536,-9.812946996688844
58.3,0.20000000298023224,163.0,25.12615394592285,0.3975887000560761,0.0,0.0,0.0,0.0,0.0,-0.0,1.0,0.0,0.0,0.0,0.0050326427444815644,0.01273355633020401,0.010642067529261112,0.10230324137024582,0.046649579834193,-9.804908244609834
58.49,0.20000000298023224,164.0,25.118640899658203,0.3975887000560761,0.0,0.0,0.0,0.0,0.0,-0.0,1.0,0.0,0.0,0.0,-0.007361349649727344,-0.0002934254880528897,-0.005919469520449638,0.09882350851781667,0.07411767021752895,-9.821716650724412
58.59,0.20000000298023224,164.0,25.12990951538086,0.3975887000560761,0.0,0.0,0.0,0.0,0.0,-0.0,1.0,0.0,0.0,0.0,-0.0003316944348625839,0.007760516833513975,0.010865465737879276,0.10836113951168956,0.05152952440548689,-9.816896206140518
